ID des chaînes,URL des chaînes,Titres des chaînes
UC-04mJDJUYHEyE8JPIEa0-w,http://www.youtube.com/channel/UC-04mJDJUYHEyE8JPIEa0-w,Mediocre Amateur
UC-0ADczTyE6SKuKtWZHWVdg,http://www.youtube.com/channel/UC-0ADczTyE6SKuKtWZHWVdg,CyclingHub 16
UC-4WUubuVGowG_R7gdgesPA,http://www.youtube.com/channel/UC-4WUubuVGowG_R7gdgesPA,Max Bird
UC-8BAEcWSEs4-KQp1ULVnaQ,http://www.youtube.com/channel/UC-8BAEcWSEs4-KQp1ULVnaQ,Classic Tetris
UC-Kpp0NLi-Y3d7rKWscjZ3A,http://www.youtube.com/channel/UC-Kpp0NLi-Y3d7rKWscjZ3A,Chris Froome
UC-NwsBEyZqZnPc9OaCFJSsw,http://www.youtube.com/channel/UC-NwsBEyZqZnPc9OaCFJSsw,Rilès
UC-QcZISbFb9EiIEQ41cVhxw,http://www.youtube.com/channel/UC-QcZISbFb9EiIEQ41cVhxw,Science Mom
UC-SMVg5tKPpyjEHCSpxW9fw,http://www.youtube.com/channel/UC-SMVg5tKPpyjEHCSpxW9fw,The Badminton Experience
UC-bBRbx8sNGYoXDpsWpKIDg,http://www.youtube.com/channel/UC-bBRbx8sNGYoXDpsWpKIDg,Israel - Premier Tech
UC05iQ_IpU1R4Qu5bRbty04g,http://www.youtube.com/channel/UC05iQ_IpU1R4Qu5bRbty04g,Les graines de Pascal Poot
UC06E4Y_-ybJgBUMtXx8uNNw,http://www.youtube.com/channel/UC06E4Y_-ybJgBUMtXx8uNNw,TheBackyardScientist
UC0in5snOa3tXXPStXcxlllQ,http://www.youtube.com/channel/UC0in5snOa3tXXPStXcxlllQ,Seb Bouin
UC0k1SRsGd6THnCvsMulf2YA,http://www.youtube.com/channel/UC0k1SRsGd6THnCvsMulf2YA,Unibet Tietema Rockets
UC0vWI_4ksC3BbbM7Zn2P7_w,http://www.youtube.com/channel/UC0vWI_4ksC3BbbM7Zn2P7_w,LeFrancoisPerusse
UC176GAQozKKjhz62H8u9vQQ,http://www.youtube.com/channel/UC176GAQozKKjhz62H8u9vQQ,Real Science
UC1D3yD4wlPMico0dss264XA,http://www.youtube.com/channel/UC1D3yD4wlPMico0dss264XA,NileBlue
UC1Sawe7yLd2bh-0g_XVpD4w,http://www.youtube.com/channel/UC1Sawe7yLd2bh-0g_XVpD4w,CyclingHub
UC1XotrYlzRwI0FhWN_2bTLw,http://www.youtube.com/channel/UC1XotrYlzRwI0FhWN_2bTLw,Shuttle Flash 2 Official
UC1jWG0mvTHL6h8h8LPaKljg,http://www.youtube.com/channel/UC1jWG0mvTHL6h8h8LPaKljg,Laura Fletcher
UC1nlOXSzksLqi8jeGy-R5iQ,http://www.youtube.com/channel/UC1nlOXSzksLqi8jeGy-R5iQ,Chris Opie
UC1sTqWskIXqSItyojGhXPyQ,http://www.youtube.com/channel/UC1sTqWskIXqSItyojGhXPyQ,Lanterne Rouge Cycling Podcast
UC2C78cpYRnk8YCfUSD_pjYQ,http://www.youtube.com/channel/UC2C78cpYRnk8YCfUSD_pjYQ,CYCLING GAMES
UC2Cw3qm_ThzomK1ySt4X79g,http://www.youtube.com/channel/UC2Cw3qm_ThzomK1ySt4X79g,Château du Theil
UC2GbQ8YKqFn843Ve8T7zT6Q,http://www.youtube.com/channel/UC2GbQ8YKqFn843Ve8T7zT6Q,TheSwissBox Conversation
UC2LSxCQoApZVmpWEBudCZlQ,http://www.youtube.com/channel/UC2LSxCQoApZVmpWEBudCZlQ,GIGS
UC2LZO6swZ9SLUEOks3WnsfA,http://www.youtube.com/channel/UC2LZO6swZ9SLUEOks3WnsfA,2veritasium
UC2TAml2Dbjfre4I4fmgAFlA,http://www.youtube.com/channel/UC2TAml2Dbjfre4I4fmgAFlA,CyclingHub - Survive
UC2_OG1L8DLTzQ7UrZVOk7OA,http://www.youtube.com/channel/UC2_OG1L8DLTzQ7UrZVOk7OA,Axolot
UC2bkHVIDjXS7sgrgjFtzOXQ,http://www.youtube.com/channel/UC2bkHVIDjXS7sgrgjFtzOXQ,engineerguy
UC2fDRrhZe0cg_ugurpiRjgQ,http://www.youtube.com/channel/UC2fDRrhZe0cg_ugurpiRjgQ,Team TotalEnergies
UC2zsGnmGAFkDjGAANxi-nBQ,http://www.youtube.com/channel/UC2zsGnmGAFkDjGAANxi-nBQ,CyclingHub TV
UC39AD68O5xe4zXjXmpVfrCQ,http://www.youtube.com/channel/UC39AD68O5xe4zXjXmpVfrCQ,Ozzy Man's Video Licensing
UC3KGOt3IfrVxDNtz5o7H-5A,http://www.youtube.com/channel/UC3KGOt3IfrVxDNtz5o7H-5A,European Coffee Trip
UC3S7Ovx3nBVZPUMQeB_N1iw,http://www.youtube.com/channel/UC3S7Ovx3nBVZPUMQeB_N1iw,Badminton Tokyo 2020
UC3XTzVzaHQEd30rQbuvCtTQ,http://www.youtube.com/channel/UC3XTzVzaHQEd30rQbuvCtTQ,LastWeekTonight
UC3wo3FJJF1DLH7IetxeyRhg,http://www.youtube.com/channel/UC3wo3FJJF1DLH7IetxeyRhg,HORS PISTE
UC3wpZf032WfG49qChzXRu3Q,http://www.youtube.com/channel/UC3wpZf032WfG49qChzXRu3Q,The social distance podcast
UC4GIkvzssZe4AYRVYt6XaaQ,http://www.youtube.com/channel/UC4GIkvzssZe4AYRVYt6XaaQ,David Castello-Lopes
UC4NcL935p6TJIXbFOz8vV5A,http://www.youtube.com/channel/UC4NcL935p6TJIXbFOz8vV5A,Voilier les Copains
UC4PasDd25MXqlXBogBw9CAg,http://www.youtube.com/channel/UC4PasDd25MXqlXBogBw9CAg,Mickaël Launay (Micmaths)
UC4rK049V0A0xVUgXewVIYTQ,http://www.youtube.com/channel/UC4rK049V0A0xVUgXewVIYTQ,Jackson O'Doherty
UC52kszkc08-acFOuogFl5jw,http://www.youtube.com/channel/UC52kszkc08-acFOuogFl5jw,Tibees
UC5CzACYytLpTEZ5wKd36omQ,http://www.youtube.com/channel/UC5CzACYytLpTEZ5wKd36omQ,AT Cycling 
UC5SEAJXRIKg-pI7qpxLkNqA,http://www.youtube.com/channel/UC5SEAJXRIKg-pI7qpxLkNqA,XgamesDen HD
UC5f5IV0Bf79YLp_p9nfInRA,http://www.youtube.com/channel/UC5f5IV0Bf79YLp_p9nfInRA,How Ridiculous
UC5uqghOmqW3KpG-x-LxSGng,http://www.youtube.com/channel/UC5uqghOmqW3KpG-x-LxSGng,milosguitar
UC6107grRI4m0o2-emgoDnAA,http://www.youtube.com/channel/UC6107grRI4m0o2-emgoDnAA,SmarterEveryDay
UC65kvy0ROxxm-ah97Fm_NXw,http://www.youtube.com/channel/UC65kvy0ROxxm-ah97Fm_NXw,Lost in the swell
UC67gfx2Fg7K2NSHqoENVgwA,http://www.youtube.com/channel/UC67gfx2Fg7K2NSHqoENVgwA,Tom Stanton
UC68KSmHePPePCjW4v57VPQg,http://www.youtube.com/channel/UC68KSmHePPePCjW4v57VPQg,Python Programmer
UC6Lz8cQdGei1Z60Sfe7QUJQ,http://www.youtube.com/channel/UC6Lz8cQdGei1Z60Sfe7QUJQ,Volta Ciclista a Catalunya
UC6iWKC08iw9K-R6Wh5pbZNQ,http://www.youtube.com/channel/UC6iWKC08iw9K-R6Wh5pbZNQ,Hannah (Sex & Relationships Education)
UC6uX6GF5q2JxLjMkyivM2Og,http://www.youtube.com/channel/UC6uX6GF5q2JxLjMkyivM2Og,Nathan Florence
UC704SCO5jF35VjCIqnWrocA,http://www.youtube.com/channel/UC704SCO5jF35VjCIqnWrocA,Just Adelaide Racing
UC710HJmp-YgNbE5BnFBRoeg,http://www.youtube.com/channel/UC710HJmp-YgNbE5BnFBRoeg,GCN Tech
UC77UtoyivVHkpApL0wGfH5w,http://www.youtube.com/channel/UC77UtoyivVHkpApL0wGfH5w,Lanterne Rouge
UC7DdEm33SyaTDtWYGO2CwdA,http://www.youtube.com/channel/UC7DdEm33SyaTDtWYGO2CwdA,Physics Girl
UC7_GHa-moA47JseWO0vMYlA,http://www.youtube.com/channel/UC7_GHa-moA47JseWO0vMYlA,Backstage with Dan Jones
UC7_gcs09iThXybpVgjHZ_7g,http://www.youtube.com/channel/UC7_gcs09iThXybpVgjHZ_7g,PBS Space Time
UC7dhKLzjPzzUIpQYnhT2Lew,http://www.youtube.com/channel/UC7dhKLzjPzzUIpQYnhT2Lew,Florence Foresti
UC7sXGI8p8PvKosLWagkK9wQ,http://www.youtube.com/channel/UC7sXGI8p8PvKosLWagkK9wQ,Heu?reka
UC87xDZXJ4YbTkz4vs0UiT-w,http://www.youtube.com/channel/UC87xDZXJ4YbTkz4vs0UiT-w,Sigma Sports
UC8D8ZAJvULlIVI3kYowlfhw,http://www.youtube.com/channel/UC8D8ZAJvULlIVI3kYowlfhw,Tonya Coffey
UC8EQAfueDGNeqb1ALm0LjHA,http://www.youtube.com/channel/UC8EQAfueDGNeqb1ALm0LjHA,Exploring Alternatives
UC8Q0SLrZLiTj5s4qc9aad-w,http://www.youtube.com/channel/UC8Q0SLrZLiTj5s4qc9aad-w,Mister V
UC8Sgg29FRGBWuwrAeMkOAYA,http://www.youtube.com/channel/UC8Sgg29FRGBWuwrAeMkOAYA,Koda
UC8lAvS7_nwI5wuMC5zyJVwA,http://www.youtube.com/channel/UC8lAvS7_nwI5wuMC5zyJVwA,Marc Rebillet - Topic
UC9RM-iSvTu1uPJb8X5yp3EQ,http://www.youtube.com/channel/UC9RM-iSvTu1uPJb8X5yp3EQ,Wendover Productions
UC9bHA9D-hkaVq78rHB8GBYw,http://www.youtube.com/channel/UC9bHA9D-hkaVq78rHB8GBYw,Mister Culture
UC9hQ41NyuEJo3g5TK40z9_Q,http://www.youtube.com/channel/UC9hQ41NyuEJo3g5TK40z9_Q,Cristian Ropero
UC9yubS4W7CdoD5F8RNz4Fuw,http://www.youtube.com/channel/UC9yubS4W7CdoD5F8RNz4Fuw,JdMfX_
UCAAXjKgDTWuxE-H4N2sbQAw,http://www.youtube.com/channel/UCAAXjKgDTWuxE-H4N2sbQAw,Patrick Broe
UCAF_yy-Y4yl4VMiQ7RV3STw,http://www.youtube.com/channel/UCAF_yy-Y4yl4VMiQ7RV3STw,PotatoMcWhiskey
UCAKkRVGHv4uHTM5S2jSzLDQ,http://www.youtube.com/channel/UCAKkRVGHv4uHTM5S2jSzLDQ,Cycling Pro Net
UCAL3JXZSzSm8AlZyD3nQdBA,http://www.youtube.com/channel/UCAL3JXZSzSm8AlZyD3nQdBA,Primitive Technology
UCAfRXcWTlNLa2sEMANgmtPA,http://www.youtube.com/channel/UCAfRXcWTlNLa2sEMANgmtPA,Jackson O'Doherty Vlogs
UCAk3t7WHs2zjsZpopox8Taw,http://www.youtube.com/channel/UCAk3t7WHs2zjsZpopox8Taw,Jonna Jinton
UCAn8NrZ-J4CRfwodajqFYoQ,http://www.youtube.com/channel/UCAn8NrZ-J4CRfwodajqFYoQ,BotezLive
UCAuUUnT6oDeKwE6v1NGQxug,http://www.youtube.com/channel/UCAuUUnT6oDeKwE6v1NGQxug,TED
UCBHp0uxB-2aJcoi_MFpFd-Q,http://www.youtube.com/channel/UCBHp0uxB-2aJcoi_MFpFd-Q,PERMAFUTUR TV
UCBredJ_HNtm0j3LNAiFC5_A,http://www.youtube.com/channel/UCBredJ_HNtm0j3LNAiFC5_A,Fatcreations Custom Paint
UCBrfmrmb9iu4HQOf-WeV4Dg,http://www.youtube.com/channel/UCBrfmrmb9iu4HQOf-WeV4Dg,Stephen O'Brien
UCBzDz6beXDfMtfxQdEutD_w,http://www.youtube.com/channel/UCBzDz6beXDfMtfxQdEutD_w,ITV Sport
UCC-UOdK8-mIjxBQm_ot1T-Q,http://www.youtube.com/channel/UCC-UOdK8-mIjxBQm_ot1T-Q,Cracking The Cryptic
UCC5qekjoRBu6wtvZrTMWv0A,http://www.youtube.com/channel/UCC5qekjoRBu6wtvZrTMWv0A,CyclingHub
UCCITEV3TAEgmn2fFU0AyH7Q,http://www.youtube.com/channel/UCCITEV3TAEgmn2fFU0AyH7Q,BayernRundfahrt
UCCZEhVnOZ6Pmph57Q08g0RA,http://www.youtube.com/channel/UCCZEhVnOZ6Pmph57Q08g0RA,Cervélo
UCC_1hZYy2vgaoCTTHq3Wvmw,http://www.youtube.com/channel/UCC_1hZYy2vgaoCTTHq3Wvmw,りょくちゃ / Greentea
UCCdLCWglf1cUKQ0R7eMFiTQ,http://www.youtube.com/channel/UCCdLCWglf1cUKQ0R7eMFiTQ,VeloVeloVelo
UCCelP6iJfYoj0Ea3qXqugXQ,http://www.youtube.com/channel/UCCelP6iJfYoj0Ea3qXqugXQ,Mike Horn
UCCkL8DHm5KSE5MiDWepOHUw,http://www.youtube.com/channel/UCCkL8DHm5KSE5MiDWepOHUw,Cam Nicholls
UCD5B6VoXv41fJ-IW8Wrhz9A,http://www.youtube.com/channel/UCD5B6VoXv41fJ-IW8Wrhz9A,Fermilab
UCD7x-04COErWJAr2ERdWQ1w,http://www.youtube.com/channel/UCD7x-04COErWJAr2ERdWQ1w,CyclingHub15
UCDR1aI5qGaK7l4y0gqDGGLg,http://www.youtube.com/channel/UCDR1aI5qGaK7l4y0gqDGGLg,Hannah Witton
UCD_DaKNac0Ta-2PeHuoQ1uA,http://www.youtube.com/channel/UCD_DaKNac0Ta-2PeHuoQ1uA,Senator Bernie Sanders
UCDeWWVP1-HTaYXgbjD9-jtQ,http://www.youtube.com/channel/UCDeWWVP1-HTaYXgbjD9-jtQ,WORLD PELOTON
UCDjGU4DP3b-eGxrsipCvoVQ,http://www.youtube.com/channel/UCDjGU4DP3b-eGxrsipCvoVQ,SciFri
UCDqEttzOpPbDoeC05HRPPDQ,http://www.youtube.com/channel/UCDqEttzOpPbDoeC05HRPPDQ,Asclépios
UCE9hj1Kw2xLaOFRDm6waBrA,http://www.youtube.com/channel/UCE9hj1Kw2xLaOFRDm6waBrA,c4di114c
UCECl4aNz5hvuRzW5fgCOHKQ,http://www.youtube.com/channel/UCECl4aNz5hvuRzW5fgCOHKQ,Jerobeam Fenderson
UCEEYC7-n3iCQSyZBAZOmpEg,http://www.youtube.com/channel/UCEEYC7-n3iCQSyZBAZOmpEg,OG Crew
UCEn3fRj2e0mpqYsijxnzayg,http://www.youtube.com/channel/UCEn3fRj2e0mpqYsijxnzayg,Xyla Foxlin
UCEnFzIYw3BrndPCddyQ6c5A,http://www.youtube.com/channel/UCEnFzIYw3BrndPCddyQ6c5A,orelsan
UCEodXVmZuZoTjTA7NCIRe0A,http://www.youtube.com/channel/UCEodXVmZuZoTjTA7NCIRe0A,Victor Campenaerts
UCEtP611hgbMVxiSAr1Kqfyg,http://www.youtube.com/channel/UCEtP611hgbMVxiSAr1Kqfyg,CyclingHub15 - Spring
UCF4xKWRRSuOo4pkOgn91Tdg,http://www.youtube.com/channel/UCF4xKWRRSuOo4pkOgn91Tdg,Sailing Magic Carpet
UCFKE7WVJfvaHW5q283SxchA,http://www.youtube.com/channel/UCFKE7WVJfvaHW5q283SxchA,Yoga With Adriene
UCFM-_iQVoyFHyHulT9JxSPA,http://www.youtube.com/channel/UCFM-_iQVoyFHyHulT9JxSPA,Stupeflip Officiel
UCFMahNgeKGjYCCskyfBSVZw,http://www.youtube.com/channel/UCFMahNgeKGjYCCskyfBSVZw,Anders Antonsen
UCFhXFikryT4aFcLkLw2LBLA,http://www.youtube.com/channel/UCFhXFikryT4aFcLkLw2LBLA,NileRed
UCFtOJh5aZ2hqGA4wJnUEnZw,http://www.youtube.com/channel/UCFtOJh5aZ2hqGA4wJnUEnZw,Cycling Pulse
UCG4aUmNL9W0I5hx6Zzp_3-A,http://www.youtube.com/channel/UCG4aUmNL9W0I5hx6Zzp_3-A,Ross Kemp Extreme World
UCG_gUXkfikOHnbmYks2SRrQ,http://www.youtube.com/channel/UCG_gUXkfikOHnbmYks2SRrQ,Athéna Sol
UCGm3CO6LPcN-Y7HIuyE0Rew,http://www.youtube.com/channel/UCGm3CO6LPcN-Y7HIuyE0Rew,Monty Python
UCGudGqToOw9hWGR88W9Jutg,http://www.youtube.com/channel/UCGudGqToOw9hWGR88W9Jutg,Howtown
UCH6rAZUDfVIoVSJjm3vlcnw,http://www.youtube.com/channel/UCH6rAZUDfVIoVSJjm3vlcnw,L'Esprit Sorcier TV
UCH6vXjt-BA7QHl0KnfL-7RQ,http://www.youtube.com/channel/UCH6vXjt-BA7QHl0KnfL-7RQ,Simon's Cat
UCH7PAudbd2nTpTzPrJnwlzg,http://www.youtube.com/channel/UCH7PAudbd2nTpTzPrJnwlzg,Catherine Darbord
UCHCoOOsGPuEca4JCVKmcNXA,http://www.youtube.com/channel/UCHCoOOsGPuEca4JCVKmcNXA,Maisie Williams
UCHGMBrXUzClgjEzBMei-Jdw,http://www.youtube.com/channel/UCHGMBrXUzClgjEzBMei-Jdw,Le Dessous des Cartes - ARTE
UCHIUlE05pJAwYdLmiHwfYzg,http://www.youtube.com/channel/UCHIUlE05pJAwYdLmiHwfYzg,David NON-OFFICIEL alias Mr REUPLOAD
UCHKOdvOjx4w_YAgOSDEqSxA,http://www.youtube.com/channel/UCHKOdvOjx4w_YAgOSDEqSxA,BobkeTV
UCHYNOKKMCql70tD8F8RBxxQ,http://www.youtube.com/channel/UCHYNOKKMCql70tD8F8RBxxQ,RiediProjects
UCHZ9htxKCs-a-cxvNWwJPmw,http://www.youtube.com/channel/UCHZ9htxKCs-a-cxvNWwJPmw,Luisier Affineur
UCHnK83dqyPvFo6GX0rCwn8A,http://www.youtube.com/channel/UCHnK83dqyPvFo6GX0rCwn8A,apetor
UCHnyfMqiRRG1u-2MsSQLbXA,http://www.youtube.com/channel/UCHnyfMqiRRG1u-2MsSQLbXA,Veritasium
UCI9-Ix7G7Q8hGbgwCsLv82Q,http://www.youtube.com/channel/UCI9-Ix7G7Q8hGbgwCsLv82Q,Sindre Wiig Nordby
UCIGEtjevANE0Nqain3EqNSg,http://www.youtube.com/channel/UCIGEtjevANE0Nqain3EqNSg,TysyTube Restoration
UCIIW_IeiU_cHTV36opGHNag,http://www.youtube.com/channel/UCIIW_IeiU_cHTV36opGHNag,Elena Gabrielle
UCILTjkA1qtd37zmo6g9asVw,http://www.youtube.com/channel/UCILTjkA1qtd37zmo6g9asVw,Coaching Badminton
UCINb0wqPz-A0dV9nARjJlOQ,http://www.youtube.com/channel/UCINb0wqPz-A0dV9nARjJlOQ,The Dodo
UCIQv1KE4NlcevsQwKCZtxQw,http://www.youtube.com/channel/UCIQv1KE4NlcevsQwKCZtxQw,L'Effet Papillon - Reportages internationaux
UCIfRR1N2Gm1vjj9X955iWSQ,http://www.youtube.com/channel/UCIfRR1N2Gm1vjj9X955iWSQ,NorCal Cycling
UCJf7YEdkEV33UXnm0gLzwvA,http://www.youtube.com/channel/UCJf7YEdkEV33UXnm0gLzwvA,Jimi Jackson
UCJlvyoYGLr3UIV0oD4-aarA,http://www.youtube.com/channel/UCJlvyoYGLr3UIV0oD4-aarA,Riding Zone
UCK3inMNRNAVUleEbpDU1k2g,http://www.youtube.com/channel/UCK3inMNRNAVUleEbpDU1k2g,SEB
UCKKVmSr0-nktD2CFXATNkYw,http://www.youtube.com/channel/UCKKVmSr0-nktD2CFXATNkYw,Badminton Europe
UCKRw8GAAtm27q4R3Q0kst_g,http://www.youtube.com/channel/UCKRw8GAAtm27q4R3Q0kst_g,thejuicemedia
UCKf-zrnjkq38sAZNPnmdpfQ,http://www.youtube.com/channel/UCKf-zrnjkq38sAZNPnmdpfQ,Badminton Addicts
UCKirXBZV7hE4Fws3VSdYkRQ,http://www.youtube.com/channel/UCKirXBZV7hE4Fws3VSdYkRQ,Robin Greenfield
UCKjDY4joMPcoRMmd-G1yz1Q,http://www.youtube.com/channel/UCKjDY4joMPcoRMmd-G1yz1Q,C'est une autre histoire
UCKkL0iyYrHXA6MNOoRPGZdQ,http://www.youtube.com/channel/UCKkL0iyYrHXA6MNOoRPGZdQ,PeterSaganOfficial
UCKscaP2HvovgMjkpY6KwfJQ,http://www.youtube.com/channel/UCKscaP2HvovgMjkpY6KwfJQ,Gamazda
UCKzJFdi57J53Vr_BkTfN3uQ,http://www.youtube.com/channel/UCKzJFdi57J53Vr_BkTfN3uQ,Primer
UCL5YbN5WLFD8dLIegT5QAbA,http://www.youtube.com/channel/UCL5YbN5WLFD8dLIegT5QAbA,agadmator's Chess Channel
UCLIl1HNB9i5VrGMv0St73lg,http://www.youtube.com/channel/UCLIl1HNB9i5VrGMv0St73lg,theinspectorcluzo
UCLLibJTCy3sXjHLVaDimnpQ,http://www.youtube.com/channel/UCLLibJTCy3sXjHLVaDimnpQ,ARTEde
UCLUr6B8l26eO7wD1JBJYGzw,http://www.youtube.com/channel/UCLUr6B8l26eO7wD1JBJYGzw,All The Cycling
UCLXDNUOO3EQ80VmD9nQBHPg,http://www.youtube.com/channel/UCLXDNUOO3EQ80VmD9nQBHPg,Fouloscopie
UCM1c1okZ-7cPV7BEZ-pzUGg,http://www.youtube.com/channel/UCM1c1okZ-7cPV7BEZ-pzUGg,Greg Guillotin
UCM2ra7Od2jliHB9TLPKt76w,http://www.youtube.com/channel/UCM2ra7Od2jliHB9TLPKt76w,MovementbyDavid
UCMKTFLrYiRerhOR9-lZnb3Q,http://www.youtube.com/channel/UCMKTFLrYiRerhOR9-lZnb3Q,RTS Couleur 3
UCMMg-l1qYhOk958PrqQdDkQ,http://www.youtube.com/channel/UCMMg-l1qYhOk958PrqQdDkQ,JTFF I Marco I 2/5 IDF
UCMOqf8ab-42UUQIdVoKwjlQ,http://www.youtube.com/channel/UCMOqf8ab-42UUQIdVoKwjlQ,Practical Engineering
UCMg2WPx-OBCy79wRYjOJ9bw,http://www.youtube.com/channel/UCMg2WPx-OBCy79wRYjOJ9bw,Brice Leverdez
UCMqRqL0WvuDgn-TGLhn9VJg,http://www.youtube.com/channel/UCMqRqL0WvuDgn-TGLhn9VJg,Tour of the Alps
UCMrPlVFbDnWApTuL7OF0z5g,http://www.youtube.com/channel/UCMrPlVFbDnWApTuL7OF0z5g,VELOSOPHE CYCLIST BEER
UCN367vNoZ0wib3pdBuDDPKg,http://www.youtube.com/channel/UCN367vNoZ0wib3pdBuDDPKg,kuveMINTON
UCNsIPYdzsOI3UX9tpIp77CA,http://www.youtube.com/channel/UCNsIPYdzsOI3UX9tpIp77CA,RideAble Now
UCOKoxVSOXpz1aQhnGPnSSww,http://www.youtube.com/channel/UCOKoxVSOXpz1aQhnGPnSSww,aGameScout
UCORp8NpyBylGSytoJnvuOyQ,http://www.youtube.com/channel/UCORp8NpyBylGSytoJnvuOyQ,Swedish Zwift Riders
UCOTgNyfQG4vVP5sCXrJaS4g,http://www.youtube.com/channel/UCOTgNyfQG4vVP5sCXrJaS4g,Epic Economics
UCOVfq3NNYjlYCz1iou69FwQ,http://www.youtube.com/channel/UCOVfq3NNYjlYCz1iou69FwQ,Anna Cramling
UCP2Klbz_VJwBKQWbmhiMfcw,http://www.youtube.com/channel/UCP2Klbz_VJwBKQWbmhiMfcw,KAIROS
UCPDXXXJj9nax0fr0Wfc048g,http://www.youtube.com/channel/UCPDXXXJj9nax0fr0Wfc048g,Dropout
UCPHJfLg1VeNBsfzzTszpmmQ,http://www.youtube.com/channel/UCPHJfLg1VeNBsfzzTszpmmQ,Montreux Comedy
UCPpNtkHeCnwN7Tl5oLq4AAg,http://www.youtube.com/channel/UCPpNtkHeCnwN7Tl5oLq4AAg,Une chanson l'addition
UCQ5nOq77BZoKN_sB2iZsJ6Q,http://www.youtube.com/channel/UCQ5nOq77BZoKN_sB2iZsJ6Q,FrenchBall
UCQEd436dMjreraZkXQNXgHg,http://www.youtube.com/channel/UCQEd436dMjreraZkXQNXgHg,SKIA
UCQS7pXp860aIyBkD0Sc1s_A,http://www.youtube.com/channel/UCQS7pXp860aIyBkD0Sc1s_A,Tour of California
UCQWne9DleuGu0q9TmA70jWQ,http://www.youtube.com/channel/UCQWne9DleuGu0q9TmA70jWQ,Chris Cramer
UCQgWpmt02UtJkyO32HGUASQ,http://www.youtube.com/channel/UCQgWpmt02UtJkyO32HGUASQ,Thinkerview
UCQxhwo6vwoELncwHPU4-J4A,http://www.youtube.com/channel/UCQxhwo6vwoELncwHPU4-J4A,Better Together Homestead
UCQxrcLTZz4SfvA2Dxj5vV-w,http://www.youtube.com/channel/UCQxrcLTZz4SfvA2Dxj5vV-w,Alexandre Astier
UCQzdMyuz0Lf4zo4uGcEujFw,http://www.youtube.com/channel/UCQzdMyuz0Lf4zo4uGcEujFw,GameofThrones
UCR1IuLEqb6UEA_zQ81kwXfg,http://www.youtube.com/channel/UCR1IuLEqb6UEA_zQ81kwXfg,Real Engineering
UCRQKLOk5dmWI5HLXxpapXvg,http://www.youtube.com/channel/UCRQKLOk5dmWI5HLXxpapXvg,Répar'vélo
UCRRr_xrOm66qaigIbwFLvbQ,http://www.youtube.com/channel/UCRRr_xrOm66qaigIbwFLvbQ,Simon Clark
UCRctnXfqPKaB4Ywp0y94ZDg,http://www.youtube.com/channel/UCRctnXfqPKaB4Ywp0y94ZDg,L.E.J
UCRkqqF8IiXxTM6L3rdmtf4g,http://www.youtube.com/channel/UCRkqqF8IiXxTM6L3rdmtf4g,Italian pastries
UCRm-DLbhzojKd10edotYxMg,http://www.youtube.com/channel/UCRm-DLbhzojKd10edotYxMg,France tv sport
UCRnWOIb_jHW49HrItq_NPrQ,http://www.youtube.com/channel/UCRnWOIb_jHW49HrItq_NPrQ,Mobile Badminton
UCS0N5baNlQWJCUrhCEo8WlA,http://www.youtube.com/channel/UCS0N5baNlQWJCUrhCEo8WlA,Ben Eater
UCSKLdgBrIcnyExFH-UTNjcg,http://www.youtube.com/channel/UCSKLdgBrIcnyExFH-UTNjcg,En Passant Pécho
UCSNyUU_ca-LopOyimvf3doQ,http://www.youtube.com/channel/UCSNyUU_ca-LopOyimvf3doQ,Récite-moi La Fontaine
UCSOAMLQ7vgAG5TQjidnn9Zg,http://www.youtube.com/channel/UCSOAMLQ7vgAG5TQjidnn9Zg,Hauteurs UGA
UCSULDz1yaHLVQWHpm4g_GHA,http://www.youtube.com/channel/UCSULDz1yaHLVQWHpm4g_GHA,Monsieur Bidouille
UCSWl0pSQTV7g72nLUT1iPTg,http://www.youtube.com/channel/UCSWl0pSQTV7g72nLUT1iPTg,日本の選手のまとめ 2
UCTMXiy7Zmp1Gvm03CuXrjlA,http://www.youtube.com/channel/UCTMXiy7Zmp1Gvm03CuXrjlA,rforce8official
UCTW9NOPsDoKKq5cNp89GWsA,http://www.youtube.com/channel/UCTW9NOPsDoKKq5cNp89GWsA,CEKELENÔ
UCTev4RNBiu6lqtx8z1e87fQ,http://www.youtube.com/channel/UCTev4RNBiu6lqtx8z1e87fQ,acapellascience
UCTjMcGs-wXs8fYiV6LIWqjQ,http://www.youtube.com/channel/UCTjMcGs-wXs8fYiV6LIWqjQ,victorwooten
UCTl3QQTvqHFjurroKxexy2Q,http://www.youtube.com/channel/UCTl3QQTvqHFjurroKxexy2Q,Olympics
UCUHW94eEFW7hkUMVaZz4eDg,http://www.youtube.com/channel/UCUHW94eEFW7hkUMVaZz4eDg,minutephysics
UCUK0HBIBWgM2c4vsPhkYY4w,http://www.youtube.com/channel/UCUK0HBIBWgM2c4vsPhkYY4w,The Slow Mo Guys
UCUQ742tl9nmxPuXi-Ke0Qrg,http://www.youtube.com/channel/UCUQ742tl9nmxPuXi-Ke0Qrg,Hammer Series
UCUYiOr24r02GuIFMEjYyuOw,http://www.youtube.com/channel/UCUYiOr24r02GuIFMEjYyuOw,Turkuaz Kitchen
UCUcyEsEjhPEDf69RRVhRh4A,http://www.youtube.com/channel/UCUcyEsEjhPEDf69RRVhRh4A,The Great War
UCUiP-QSyU2ow4pYsgToYYcw,http://www.youtube.com/channel/UCUiP-QSyU2ow4pYsgToYYcw,Mads Eliassen
UCUsN5ZwHx2kILm84-jPDeXw,http://www.youtube.com/channel/UCUsN5ZwHx2kILm84-jPDeXw,Comedy Central
UCUtKgBcqduOxgZRog9KDvzg,http://www.youtube.com/channel/UCUtKgBcqduOxgZRog9KDvzg,KATUSHA Media
UCUzEzP63xBxsmsh8UPryKOQ,http://www.youtube.com/channel/UCUzEzP63xBxsmsh8UPryKOQ,We Made A Thing Studios
UCV5HXUHFR-yuSb7qDJ5_80g,http://www.youtube.com/channel/UCV5HXUHFR-yuSb7qDJ5_80g,Wide World of Sports
UCV9vvIQ8gxceqrBkn-P7rlw,http://www.youtube.com/channel/UCV9vvIQ8gxceqrBkn-P7rlw,GreenEDGE Cycling
UCVBXlR7YhYUr-DfNG1XLrHA,http://www.youtube.com/channel/UCVBXlR7YhYUr-DfNG1XLrHA,Waxx
UCVDfO8dshPSNDw0ugpblZ_Q,http://www.youtube.com/channel/UCVDfO8dshPSNDw0ugpblZ_Q,Elliot Moss
UCVnrQQyiGimqn4gXfSclkBA,http://www.youtube.com/channel/UCVnrQQyiGimqn4gXfSclkBA,Peter SagFan ch-02
UCW2vbCj31ktnvM4vANi-TNQ,http://www.youtube.com/channel/UCW2vbCj31ktnvM4vANi-TNQ,La Ferme Jerome
UCW3--jh4FUnSxw-gofzKnqg,http://www.youtube.com/channel/UCW3--jh4FUnSxw-gofzKnqg,Passe-moi les jumelles
UCW6tLX-01i2pvo9kQqjgTjA,http://www.youtube.com/channel/UCW6tLX-01i2pvo9kQqjgTjA,LRCP Clips
UCWN2FPlvg9r-LnUyepH9IaQ,http://www.youtube.com/channel/UCWN2FPlvg9r-LnUyepH9IaQ,Boho Beautiful Yoga
UCWTj3vCqkQIsrTGSm4kM34g,http://www.youtube.com/channel/UCWTj3vCqkQIsrTGSm4kM34g,Scott's Bass Lessons
UCWftIqesWS2AQBDhpTg8CTg,http://www.youtube.com/channel/UCWftIqesWS2AQBDhpTg8CTg,Kaffeemacher
UCWpdAeeB2fc38TeQt29ghMw,http://www.youtube.com/channel/UCWpdAeeB2fc38TeQt29ghMw,Flash Racket
UCWxt-Sphj4wcAoaIfhsALRg,http://www.youtube.com/channel/UCWxt-Sphj4wcAoaIfhsALRg,bref.
UCX6UdL_rHGunjKD7Jfa2mww,http://www.youtube.com/channel/UCX6UdL_rHGunjKD7Jfa2mww,CATAN
UCXBK8BVydkB9Agdlb1l4QWA,http://www.youtube.com/channel/UCXBK8BVydkB9Agdlb1l4QWA,CyclingHub Requiem
UCXFE8MgP2Tv_4x5pJj4KTUw,http://www.youtube.com/channel/UCXFE8MgP2Tv_4x5pJj4KTUw,PEDAL to the METAL
UCXY5L6p4n3COUBqaTJY-2tQ,http://www.youtube.com/channel/UCXY5L6p4n3COUBqaTJY-2tQ,Les Inconnus
UCXYXxfVjxMppZY64-5baOsw,http://www.youtube.com/channel/UCXYXxfVjxMppZY64-5baOsw,Rapha Films
UCXYpDcoYJk8CTGLUscj2Tgg,http://www.youtube.com/channel/UCXYpDcoYJk8CTGLUscj2Tgg,Shuttle Life
UCXbWsGV_cjG3gOsSnNJPVlg,http://www.youtube.com/channel/UCXbWsGV_cjG3gOsSnNJPVlg,Sailing Uma
UCXfp5IKQSutQvPlrDRKo9xg,http://www.youtube.com/channel/UCXfp5IKQSutQvPlrDRKo9xg,Les Indécis
UCXgba6tOLghtJuXaD8LBHWg,http://www.youtube.com/channel/UCXgba6tOLghtJuXaD8LBHWg,inCycle
UCXgxNzAgZ1GExhTW4X1mUrg,http://www.youtube.com/channel/UCXgxNzAgZ1GExhTW4X1mUrg,Marc Rebillet
UCXofqIc2nrhFeS9BKGvqorA,http://www.youtube.com/channel/UCXofqIc2nrhFeS9BKGvqorA,Rouleur
UCXu0-BT7f-Qx2T1B43ozpmw,http://www.youtube.com/channel/UCXu0-BT7f-Qx2T1B43ozpmw,Arthur Longo
UCXzt21wguxoJGo7TFBXNRgw,http://www.youtube.com/channel/UCXzt21wguxoJGo7TFBXNRgw,Kaamelott
UCY1kMZp36IQSyNx_9h4mpCg,http://www.youtube.com/channel/UCY1kMZp36IQSyNx_9h4mpCg,Mark Rober
UCY9JUMYI54lLOHpb_zbIedQ,http://www.youtube.com/channel/UCY9JUMYI54lLOHpb_zbIedQ,Luescher Teknik
UCYJdpnjuSWVOLgGT9fIzL0g,http://www.youtube.com/channel/UCYJdpnjuSWVOLgGT9fIzL0g,Jelle's Marble Runs
UCYLqIgYnlbmZHH9_oacn5Ng,http://www.youtube.com/channel/UCYLqIgYnlbmZHH9_oacn5Ng,Georgia Productions
UCYO_jab_esuFRV4b17AJtAw,http://www.youtube.com/channel/UCYO_jab_esuFRV4b17AJtAw,3Blue1Brown
UCYThdLKE6TDwBJh-qDC6ICA,http://www.youtube.com/channel/UCYThdLKE6TDwBJh-qDC6ICA,Extinction Rebellion (XR) UK
UCYcE42m1naU2-oZEkL0bABA,http://www.youtube.com/channel/UCYcE42m1naU2-oZEkL0bABA,Evolution Factory
UCZ4AMrDcNrfy3X6nsU8-rPg,http://www.youtube.com/channel/UCZ4AMrDcNrfy3X6nsU8-rPg,Economics Explained
UCZ8kV8vuMdDLSerCIFfWnFQ,http://www.youtube.com/channel/UCZ8kV8vuMdDLSerCIFfWnFQ,Studio Bagel
UCZbkp48oqoH_Ar7YjQIq0QA,http://www.youtube.com/channel/UCZbkp48oqoH_Ar7YjQIq0QA,Daryl Impey
UCZdQjaSoLjIzFnWsDQOv4ww,http://www.youtube.com/channel/UCZdQjaSoLjIzFnWsDQOv4ww,Sailing La Vagabonde
UCZmMQrt1cIU6YQpypm7aclw,http://www.youtube.com/channel/UCZmMQrt1cIU6YQpypm7aclw,FABER
UCZxLew-WXWm5dhRZBgEFl-Q,http://www.youtube.com/channel/UCZxLew-WXWm5dhRZBgEFl-Q,Le Vortex - ARTE 
UCZy0-5YHgLpzgT-biGtJgJg,http://www.youtube.com/channel/UCZy0-5YHgLpzgT-biGtJgJg,PommeMusic
UC_ADNHNPnvlQNUZlB3bGCTw,http://www.youtube.com/channel/UC_ADNHNPnvlQNUZlB3bGCTw,Thomas Wiesel
UC_F30mWs8hNbnL0rMpLfbIg,http://www.youtube.com/channel/UC_F30mWs8hNbnL0rMpLfbIg,Adam Hansen
UC_K6HcnEF2EtCi6T8ThwBDQ,http://www.youtube.com/channel/UC_K6HcnEF2EtCi6T8ThwBDQ,Jonas Neubauer
UC_LNSZg_ktW3WMs1e6YaYww,http://www.youtube.com/channel/UC_LNSZg_ktW3WMs1e6YaYww,CyclingHub
UC_kRDKYrUlrbtrSiyu5Tflg,http://www.youtube.com/channel/UC_kRDKYrUlrbtrSiyu5Tflg,Daft Punk
UC_xObjliOqUElWvexIP1n-A,http://www.youtube.com/channel/UC_xObjliOqUElWvexIP1n-A,Jackson & Shammi Vlogs
UC_zQ777U6YTyatP3P1wi3xw,http://www.youtube.com/channel/UC_zQ777U6YTyatP3P1wi3xw,NEVER TOO SMALL
UC_zRzj3nQkRTaAp4ZslWoiA,http://www.youtube.com/channel/UC_zRzj3nQkRTaAp4ZslWoiA,Sports Store
UCa3Js9S8k7H35XflxYTuqhQ,http://www.youtube.com/channel/UCa3Js9S8k7H35XflxYTuqhQ,Pro Cycling Video Database - By CyclingHub.TV
UCa3kU1spOTWHDmCxterTqIg,http://www.youtube.com/channel/UCa3kU1spOTWHDmCxterTqIg,The West Report
UCaDVcGDMkvcRb4qGARkWlyg,http://www.youtube.com/channel/UCaDVcGDMkvcRb4qGARkWlyg,SoulPancake
UCaL0tLVGued9B-XFu5YtrEQ,http://www.youtube.com/channel/UCaL0tLVGued9B-XFu5YtrEQ,Mr. machine
UCaNlbnghtwlsGF-KzAFThqA,http://www.youtube.com/channel/UCaNlbnghtwlsGF-KzAFThqA,ScienceEtonnante
UCaXxanOHeArdOMmhNaXE67Q,http://www.youtube.com/channel/UCaXxanOHeArdOMmhNaXE67Q,INEOS Grenadiers
UCaZRpfXzlHVchIJMpf-PVFw,http://www.youtube.com/channel/UCaZRpfXzlHVchIJMpf-PVFw,Sci+
UCac47R7xtH76eRZQBJbZscQ,http://www.youtube.com/channel/UCac47R7xtH76eRZQBJbZscQ,Lucas Brunelle
UCah8C0gmLkdtvsy0b2jrjrw,http://www.youtube.com/channel/UCah8C0gmLkdtvsy0b2jrjrw,Cyrus North
UCaq9glaC5kI626cMCBAwc3Q,http://www.youtube.com/channel/UCaq9glaC5kI626cMCBAwc3Q,Soudal Quick-Step Pro Cycling Team
UCb31gOY6OD8ES0zP8M0GhAw,http://www.youtube.com/channel/UCb31gOY6OD8ES0zP8M0GhAw,Max Fosh
UCbRIixPDz6R9wt_gZAgruAQ,http://www.youtube.com/channel/UCbRIixPDz6R9wt_gZAgruAQ,Ivanhe MARTIN
UCbT-5vQ6alxQVgy8My059OQ,http://www.youtube.com/channel/UCbT-5vQ6alxQVgy8My059OQ,Total Synthesis
UCbcwZ8hm18GK6on_S_CgmFA,http://www.youtube.com/channel/UCbcwZ8hm18GK6on_S_CgmFA,Shane Miller - GPLama
UCbdcpQ5uPPymv7Ea0nnFfOw,http://www.youtube.com/channel/UCbdcpQ5uPPymv7Ea0nnFfOw,Magnus Carlsen
UCbfYPyITQ-7l4upoX8nvctg,http://www.youtube.com/channel/UCbfYPyITQ-7l4upoX8nvctg,Two Minute Papers
UCbzmy4fq_dbrM-uQ5Pdr1kQ,http://www.youtube.com/channel/UCbzmy4fq_dbrM-uQ5Pdr1kQ,StaelTelevision
UCc-4HSPd7yMcK1Y5XkVVwGQ,http://www.youtube.com/channel/UCc-4HSPd7yMcK1Y5XkVVwGQ,ludovik
UCc9E74Lnab6thrFB5Bbl22Q,http://www.youtube.com/channel/UCc9E74Lnab6thrFB5Bbl22Q,Super Flux
UCc9MvDZ_Aw-Y92gBrd8_DAA,http://www.youtube.com/channel/UCc9MvDZ_Aw-Y92gBrd8_DAA,Life in the Peloton
UCcGXEidw0qjNdq7Gii8gHgg,http://www.youtube.com/channel/UCcGXEidw0qjNdq7Gii8gHgg,Project Kamp
UCcIFgAGp6-RxF_WHFg527Yw,http://www.youtube.com/channel/UCcIFgAGp6-RxF_WHFg527Yw,thekloons2
UCcILXXthGExGeKAQLAIUaFQ,http://www.youtube.com/channel/UCcILXXthGExGeKAQLAIUaFQ,Pongfinity
UCcTgtuWAIn3K-DY9a8lu98w,http://www.youtube.com/channel/UCcTgtuWAIn3K-DY9a8lu98w,Vincent Veillon
UCc_zXXkAcczSjR3U6zHlc-Q,http://www.youtube.com/channel/UCc_zXXkAcczSjR3U6zHlc-Q,Les Recettes Pompettes
UCcziTK2NKeWtWQ6kB5tmQ8Q,http://www.youtube.com/channel/UCcziTK2NKeWtWQ6kB5tmQ8Q,e-penser 2.0
UCd0V9SfenWqlPsTt5-AyN8A,http://www.youtube.com/channel/UCd0V9SfenWqlPsTt5-AyN8A,Bloqués
UCd6iQyhOcUrWR6DrRoMzeQg,http://www.youtube.com/channel/UCd6iQyhOcUrWR6DrRoMzeQg,Le hangar de Sklang
UCdDme75qk9VYXoognIMu5ow,http://www.youtube.com/channel/UCdDme75qk9VYXoognIMu5ow,CyclingHub TV
UCdM6496KIMaCGxWE6b9aTnA,http://www.youtube.com/channel/UCdM6496KIMaCGxWE6b9aTnA,Michael Matthews
UCdPui8EYr_sX6q1xNXCRPXg,http://www.youtube.com/channel/UCdPui8EYr_sX6q1xNXCRPXg,STORROR
UCde0cBJrjHbmUio1ZU4LijQ,http://www.youtube.com/channel/UCde0cBJrjHbmUio1ZU4LijQ,Tataki
UCdhaDYvxaCpxknEbx7zHHDg,http://www.youtube.com/channel/UCdhaDYvxaCpxknEbx7zHHDg,ITZsharky
UCe10BxbsFg9Kbmkg-ean_Dg,http://www.youtube.com/channel/UCe10BxbsFg9Kbmkg-ean_Dg,Giro d'Italia
UCe1IvjmwAx2HuotNHTGPcMQ,http://www.youtube.com/channel/UCe1IvjmwAx2HuotNHTGPcMQ,Jean-Luc Benoist
UCeE3lj6pLX_gCd0Yvns517Q,http://www.youtube.com/channel/UCeE3lj6pLX_gCd0Yvns517Q,Ozzy Man Reviews
UCeKXyKL4NFBGLoKvI_JuScg,http://www.youtube.com/channel/UCeKXyKL4NFBGLoKvI_JuScg,CyclingHub14
UCeLG_Y8XMTsuTi3253FY-JQ,http://www.youtube.com/channel/UCeLG_Y8XMTsuTi3253FY-JQ,Cycling 2
UCeOCqLG5Wy65aiENWfuFzUQ,http://www.youtube.com/channel/UCeOCqLG5Wy65aiENWfuFzUQ,Zwift
UCeR8BYZS7IHYjk_9Mh5JgkA,http://www.youtube.com/channel/UCeR8BYZS7IHYjk_9Mh5JgkA,Scilabus
UCeVBDgameAI0Qhf7leaPhYw,http://www.youtube.com/channel/UCeVBDgameAI0Qhf7leaPhYw,James Veitch
UCeZI3rELje_CcLaZmXnsrwg,http://www.youtube.com/channel/UCeZI3rELje_CcLaZmXnsrwg,Katie Melua
UCegI-yfHrXdkAdIkDWGNRqw,http://www.youtube.com/channel/UCegI-yfHrXdkAdIkDWGNRqw,CyclingHub15 - Spring
UCehkRXEL3MWtLphJ38Qtb4A,http://www.youtube.com/channel/UCehkRXEL3MWtLphJ38Qtb4A,Race Line
UCeiYXex_fwgYDonaTcSIk6w,http://www.youtube.com/channel/UCeiYXex_fwgYDonaTcSIk6w,MinuteEarth
UCf-P7fZEGvHKsket8XYkeXQ,http://www.youtube.com/channel/UCf-P7fZEGvHKsket8XYkeXQ,The Duracell Project
UCf5_QcFIBZHiI2ADt9kTlxQ,http://www.youtube.com/channel/UCf5_QcFIBZHiI2ADt9kTlxQ,CyclingHub15 - Summer
UCf7DdLToxZOfhxuBXeBMObQ,http://www.youtube.com/channel/UCf7DdLToxZOfhxuBXeBMObQ,Ligue Nationale de Cyclisme
UCfE1oQ47oqyJNzM-nFy_gjA,http://www.youtube.com/channel/UCfE1oQ47oqyJNzM-nFy_gjA,"Blow Up, l'actualité du cinéma (ou presque) - ARTE"
UCfIqCzQJXvYj9ssCoHq327g,http://www.youtube.com/channel/UCfIqCzQJXvYj9ssCoHq327g,How To Make Everything
UCfbh0PFhRSgOh45127kHo8Q,http://www.youtube.com/channel/UCfbh0PFhRSgOh45127kHo8Q,GCN auf Deutsch
UCfi4_aCc2nEhtUMSGqaim_Q,http://www.youtube.com/channel/UCfi4_aCc2nEhtUMSGqaim_Q,James Webb Space Telescope (JWST)
UCfiEeRJa-jbg_8SVqxtMifg,http://www.youtube.com/channel/UCfiEeRJa-jbg_8SVqxtMifg,Rosa Bursztein
UCfm33j6sb0f9oqt9xRTUc3A,http://www.youtube.com/channel/UCfm33j6sb0f9oqt9xRTUc3A,CinDay Sport Highlights
UCfo11SnF790zy3SV_pD9qCQ,http://www.youtube.com/channel/UCfo11SnF790zy3SV_pD9qCQ,Paddy & Scott's
UCfpCQ89W9wjkHc8J_6eTbBg,http://www.youtube.com/channel/UCfpCQ89W9wjkHc8J_6eTbBg,Outdoor Boys
UCfqzZR7tG1GufD-D7EofBaQ,http://www.youtube.com/channel/UCfqzZR7tG1GufD-D7EofBaQ,MoveU
UCftF1dPzyorg2YMlUg71HDA,http://www.youtube.com/channel/UCftF1dPzyorg2YMlUg71HDA,Cycling Planet
UCftwRNsjfRo08xYE31tkiyw,http://www.youtube.com/channel/UCftwRNsjfRo08xYE31tkiyw,WIRED
UCfuxWEFtTOldlDl1uHGRZZg,http://www.youtube.com/channel/UCfuxWEFtTOldlDl1uHGRZZg,Jo&Léo
UCg8VTeeN4BglqmI1_CBlABg,http://www.youtube.com/channel/UCg8VTeeN4BglqmI1_CBlABg,Ocean Conservation Namibia
UCg8h9ADpsKiyh0bU7xAmRWQ,http://www.youtube.com/channel/UCg8h9ADpsKiyh0bU7xAmRWQ,Cycling HD
UCgBg0aacyJnw4qUnb1FlfEQ,http://www.youtube.com/channel/UCgBg0aacyJnw4qUnb1FlfEQ,Institute of Human Anatomy
UCgCIM3TsDAA5K48X-q7t-pg,http://www.youtube.com/channel/UCgCIM3TsDAA5K48X-q7t-pg,Viaceslav Svedov
UCgy3VdQYAYm33C57aFUfkiQ,http://www.youtube.com/channel/UCgy3VdQYAYm33C57aFUfkiQ,cyclingnewstv
UChBykIYhrG3s9jF8f5OzyFA,http://www.youtube.com/channel/UChBykIYhrG3s9jF8f5OzyFA,The Press Room
UChKMRHxLETrj_5JjiqExD1w,http://www.youtube.com/channel/UChKMRHxLETrj_5JjiqExD1w,Kemar
UChh-akEbUM8_6ghGVnJd6cQ,http://www.youtube.com/channel/UChh-akEbUM8_6ghGVnJd6cQ,BWF TV
UChvyUxDGlpNMGNtPJf4HJVg,http://www.youtube.com/channel/UChvyUxDGlpNMGNtPJf4HJVg,Badminton Asia
UCie09bMB6ITYmpU3z6vv2tw,http://www.youtube.com/channel/UCie09bMB6ITYmpU3z6vv2tw,Communication Coach Alexander Lyon
UCj1VqrHhDte54oLgPG4xpuQ,http://www.youtube.com/channel/UCj1VqrHhDte54oLgPG4xpuQ,Stuff Made Here
UCj2sb4hak2L_UpW-1AQ6Qhw,http://www.youtube.com/channel/UCj2sb4hak2L_UpW-1AQ6Qhw,Un Peu Pointu
UCjNpCOBtNDyk7kcs-wrX_dg,http://www.youtube.com/channel/UCjNpCOBtNDyk7kcs-wrX_dg,Chris Luno
UCjRKLT45Mkn48NV_0AQqBXQ,http://www.youtube.com/channel/UCjRKLT45Mkn48NV_0AQqBXQ,Alexandre Kominek
UCj_--_N-t1UpPOWEn-gzWSQ,http://www.youtube.com/channel/UCj_--_N-t1UpPOWEn-gzWSQ,Third String Kicker
UCjvv0ciZyPnVsdWzoZLDDJA,http://www.youtube.com/channel/UCjvv0ciZyPnVsdWzoZLDDJA,Geraint Thomas
UCk2gRC4RewYvvXXqXZxaTbQ,http://www.youtube.com/channel/UCk2gRC4RewYvvXXqXZxaTbQ,Badminton Insight
UCkCLForOJZvbbHOgyOybtDQ,http://www.youtube.com/channel/UCkCLForOJZvbbHOgyOybtDQ,Yonex
UCkJdvwRC-oGPhRHW_XPNokg,http://www.youtube.com/channel/UCkJdvwRC-oGPhRHW_XPNokg,Hanging Pawns
UCkKBE6Emht3b-IeZSDZP2vA,http://www.youtube.com/channel/UCkKBE6Emht3b-IeZSDZP2vA,Victor Ammann
UCksPTOoysgvhFoS_ncOMFOg,http://www.youtube.com/channel/UCksPTOoysgvhFoS_ncOMFOg,Yoann Provenzano
UCkuVto4oGsgdEisvXlUaHvg,http://www.youtube.com/channel/UCkuVto4oGsgdEisvXlUaHvg,ViktorAxelsen
UCl92NodlwKSVnGxEYYP3qGw,http://www.youtube.com/channel/UCl92NodlwKSVnGxEYYP3qGw,CyclingVids
UClI-JpgrN96sKFwHN6pNzrg,http://www.youtube.com/channel/UClI-JpgrN96sKFwHN6pNzrg,This Is Badminton
UClMJeVIVyGp-3_kWtspkS0Q,http://www.youtube.com/channel/UClMJeVIVyGp-3_kWtspkS0Q,EPFL
UCliNmKIxM3T2c4pU8ffv1Vg,http://www.youtube.com/channel/UCliNmKIxM3T2c4pU8ffv1Vg,TRINITY RACING
UCljVdpux_uz7NydDWYEeSIA,http://www.youtube.com/channel/UCljVdpux_uz7NydDWYEeSIA,FloBikes
UCloqTh1nPpW13LCntQglS-Q,http://www.youtube.com/channel/UCloqTh1nPpW13LCntQglS-Q,UCI
UCltzJogga-SMLbzpVI_527g,http://www.youtube.com/channel/UCltzJogga-SMLbzpVI_527g,FT SPORTS
UCm3-NocWw8YDQ6lfOb78ehA,http://www.youtube.com/channel/UCm3-NocWw8YDQ6lfOb78ehA,UCLA Athletics
UCm325cMiw9B15xl22_gr6Dw,http://www.youtube.com/channel/UCm325cMiw9B15xl22_gr6Dw,Beau Miles
UCm3C3OSgcyzaTBXrNRupB3Q,http://www.youtube.com/channel/UCm3C3OSgcyzaTBXrNRupB3Q,Le Woop
UCm650P6D6FtjeDyyCfuxIUA,http://www.youtube.com/channel/UCm650P6D6FtjeDyyCfuxIUA,Badminton Tokyo 2021
UCmO5fabx0WgGmiSi-g3l48A,http://www.youtube.com/channel/UCmO5fabx0WgGmiSi-g3l48A,Kevin Mayer
UCmPSwsooZq8an7xOLQQhAdw,http://www.youtube.com/channel/UCmPSwsooZq8an7xOLQQhAdw,Rémi GAILLARD
UCmag9siWs3W-JjzZVxWcyMw,http://www.youtube.com/channel/UCmag9siWs3W-JjzZVxWcyMw,Zoé Le Gavrian
UCmevoNHSeqmPYeaJJ9DPv7Q,http://www.youtube.com/channel/UCmevoNHSeqmPYeaJJ9DPv7Q,Hazal Nehir
UCmmJ_anyqgiIsP0SRMLMiTQ,http://www.youtube.com/channel/UCmmJ_anyqgiIsP0SRMLMiTQ,バドミントン日本
UCmzP_xaz-uyMMbac4DggR8A,http://www.youtube.com/channel/UCmzP_xaz-uyMMbac4DggR8A,52 minutes RTS
UCmzxts0YGES5tN-oJ9abTQg,http://www.youtube.com/channel/UCmzxts0YGES5tN-oJ9abTQg,Kai Lenny
UCn5fhcGRrCvrmFibPbT6q1A,http://www.youtube.com/channel/UCn5fhcGRrCvrmFibPbT6q1A,Brian Lagerstrom 
UCn7AaWSj0C5rKLh6zjPdf-w,http://www.youtube.com/channel/UCn7AaWSj0C5rKLh6zjPdf-w,Tiz Cycling
UCn7YuJaZmdmx_ERZH9r6eTA,http://www.youtube.com/channel/UCn7YuJaZmdmx_ERZH9r6eTA,Chris Horner
UCnGHt9C1lHpCcSxwl6GUF0Q,http://www.youtube.com/channel/UCnGHt9C1lHpCcSxwl6GUF0Q,Shuttle Flash
UCnVimh35ecf46P_Bt-2AArg,http://www.youtube.com/channel/UCnVimh35ecf46P_Bt-2AArg,DoodleChaos
UCnXucs7j2stWQJEGo4W_cvg,http://www.youtube.com/channel/UCnXucs7j2stWQJEGo4W_cvg,Rébecca Balestra
UCnYR0EhBjP8Rg5eyKENNowg,http://www.youtube.com/channel/UCnYR0EhBjP8Rg5eyKENNowg,BostonSpeaks
UCnZJt7yQw5IztVwe-Dscd-Q,http://www.youtube.com/channel/UCnZJt7yQw5IztVwe-Dscd-Q,The Operations Room
UCnZx--LpG2spgmlxOcC-DRA,http://www.youtube.com/channel/UCnZx--LpG2spgmlxOcC-DRA,Daniel Thrasher
UCnkYNGCCZMWYStwBwPjS-7g,http://www.youtube.com/channel/UCnkYNGCCZMWYStwBwPjS-7g,JerRock - Cours de Musique
UCoC47do520os_4DBMEFGg4A,http://www.youtube.com/channel/UCoC47do520os_4DBMEFGg4A,李子柒 Liziqi
UCoNPsL8j28yfKRu6e7YUhPA,http://www.youtube.com/channel/UCoNPsL8j28yfKRu6e7YUhPA,Kid Cudi
UCoYmJNAaaZfz8EMLYfNxpaw,http://www.youtube.com/channel/UCoYmJNAaaZfz8EMLYfNxpaw,LaCinetek
UCoZoRz4-y6r87ptDp4Jk74g,http://www.youtube.com/channel/UCoZoRz4-y6r87ptDp4Jk74g,Palmashow
UCosny7dI3LVZE-GWR1RKxsg,http://www.youtube.com/channel/UCosny7dI3LVZE-GWR1RKxsg,Make Sushi 1
UCoxcjq-8xIDTYp3uz647V5A,http://www.youtube.com/channel/UCoxcjq-8xIDTYp3uz647V5A,Numberphile
UCp-R9XJvqw1ofgJHqHeRxOQ,http://www.youtube.com/channel/UCp-R9XJvqw1ofgJHqHeRxOQ,Classic Tetris Brawl
UCp207INWXuK1fmmnVdX0bfw,http://www.youtube.com/channel/UCp207INWXuK1fmmnVdX0bfw,Darius Benson
UCpBE1Eug0527uvT35VtFTZA,http://www.youtube.com/channel/UCpBE1Eug0527uvT35VtFTZA,Blaise Bersinger
UCpFtib3J_bDs8MFy6Y12OQg,http://www.youtube.com/channel/UCpFtib3J_bDs8MFy6Y12OQg,Learn Beach Volleyball Fast
UCpG24GDOwCl3q2pA2bIz8fQ,http://www.youtube.com/channel/UCpG24GDOwCl3q2pA2bIz8fQ,Vélodrome de Genève
UCpW6uQm2ZKs6PR4Yw4qHTTw,http://www.youtube.com/channel/UCpW6uQm2ZKs6PR4Yw4qHTTw,Alex Thomson Racing
UCpcsh2gLQuFS1E4MoHg10NQ,http://www.youtube.com/channel/UCpcsh2gLQuFS1E4MoHg10NQ,teamsaxobank
UCpn6aFvwAI_hK9WuHcdvQGA,http://www.youtube.com/channel/UCpn6aFvwAI_hK9WuHcdvQGA,VC Adventures
UCqEB90hH01Od_i9x8JNY9bg,http://www.youtube.com/channel/UCqEB90hH01Od_i9x8JNY9bg,Watts Occurring
UCqI9HyfLvodz7bXFCI3PU2g,http://www.youtube.com/channel/UCqI9HyfLvodz7bXFCI3PU2g,Phil Gaimon
UCqhnX4jA0A5paNd1v-zEysw,http://www.youtube.com/channel/UCqhnX4jA0A5paNd1v-zEysw,GoPro
UCr3cBLTYmIK9kY0F_OdFWFQ,http://www.youtube.com/channel/UCr3cBLTYmIK9kY0F_OdFWFQ,Casually Explained
UCrCTC5_t-HaVJ025DbYITiw,http://www.youtube.com/channel/UCrCTC5_t-HaVJ025DbYITiw,Alice Cappelle
UCrLCJ4GSLcKofh2Dck6F_7Q,http://www.youtube.com/channel/UCrLCJ4GSLcKofh2Dck6F_7Q,Achref
UCrRMaPHjjqx4LyyQkIApnCg,http://www.youtube.com/channel/UCrRMaPHjjqx4LyyQkIApnCg,Leadout Esports
UCref1ap765YAFIJ27lkvQSw,http://www.youtube.com/channel/UCref1ap765YAFIJ27lkvQSw,FinalDash
UCs4aHmggTfFrpkPcWSaBN9g,http://www.youtube.com/channel/UCs4aHmggTfFrpkPcWSaBN9g,PBS Infinite Series
UCs6DFtuQrH0Ipr3uzrSZE2Q,http://www.youtube.com/channel/UCs6DFtuQrH0Ipr3uzrSZE2Q,CyclisteOrg
UCsAw3WynQJMm7tMy093y37A,http://www.youtube.com/channel/UCsAw3WynQJMm7tMy093y37A,Алексей Навальный
UCsErrglTyndWT7gju3zu-4Q,http://www.youtube.com/channel/UCsErrglTyndWT7gju3zu-4Q,NonTV Matches
UCsFkInl7eWF0mkBbT2ATbNA,http://www.youtube.com/channel/UCsFkInl7eWF0mkBbT2ATbNA,Candide Thovex
UCsM4_jihNFYe4CtSkXvDR-Q,http://www.youtube.com/channel/UCsM4_jihNFYe4CtSkXvDR-Q,permaculture agroécologie etc...
UCsX5upzW0Tk2riDY1WB887w,http://www.youtube.com/channel/UCsX5upzW0Tk2riDY1WB887w,Hannah Fry
UCsXVk37bltHxD1rDPwtNM8Q,http://www.youtube.com/channel/UCsXVk37bltHxD1rDPwtNM8Q,Kurzgesagt – In a Nutshell
UCstYELvMHHhLQfYHEZhYNng,http://www.youtube.com/channel/UCstYELvMHHhLQfYHEZhYNng,odezenne
UCt2JXOLNxqry7B_4rRZME3Q,http://www.youtube.com/channel/UCt2JXOLNxqry7B_4rRZME3Q,ICC
UCt4yIZtfFMKoQAflz4gIA1Q,http://www.youtube.com/channel/UCt4yIZtfFMKoQAflz4gIA1Q,Sea Turtle Biologist
UCtESv1e7ntJaLJYKIO1FoYw,http://www.youtube.com/channel/UCtESv1e7ntJaLJYKIO1FoYw,Periodic Videos
UCtsqiJ1WTJkoj4c_SZkyBMg,http://www.youtube.com/channel/UCtsqiJ1WTJkoj4c_SZkyBMg,WEDŪ
UCtwKon9qMt5YLVgQt1tvJKg,http://www.youtube.com/channel/UCtwKon9qMt5YLVgQt1tvJKg,Objectivity
UCu51Q_B_iuqvXtxYDtcbY6g,http://www.youtube.com/channel/UCu51Q_B_iuqvXtxYDtcbY6g,Carac Attack
UCu7phdCr-raU7OaJfEpHZww,http://www.youtube.com/channel/UCu7phdCr-raU7OaJfEpHZww,GCN Racing
UCuIPXLYrZxrQzbTldLkqslA,http://www.youtube.com/channel/UCuIPXLYrZxrQzbTldLkqslA,Chronic.
UCuKw2eFsZKD9JAem2DVQ4AQ,http://www.youtube.com/channel/UCuKw2eFsZKD9JAem2DVQ4AQ,AllEnglandBadminton
UCuTaETsuCOkJ0H_GAztWt0Q,http://www.youtube.com/channel/UCuTaETsuCOkJ0H_GAztWt0Q,Global Cycling Network
UCudKvbd6gvbm5UCYRk5tZKA,http://www.youtube.com/channel/UCudKvbd6gvbm5UCYRk5tZKA,TheSoundYouNeed
UCugNBaT4BqYKikCo2efrn_Q,http://www.youtube.com/channel/UCugNBaT4BqYKikCo2efrn_Q,ZapSpi0nDOTcom
UCv4HK9hYjTVrgMFebnQ0ADg,http://www.youtube.com/channel/UCv4HK9hYjTVrgMFebnQ0ADg,Le Suisse Droniste
UCvBqzzvUBLCs8Y7Axb-jZew,http://www.youtube.com/channel/UCvBqzzvUBLCs8Y7Axb-jZew,Sixty Symbols
UCvCfRGvwzOBO7hat21DGRPQ,http://www.youtube.com/channel/UCvCfRGvwzOBO7hat21DGRPQ,Paul Kalkbrenner
UCvDr_Xznwh4gXIy17vVci1w,http://www.youtube.com/channel/UCvDr_Xznwh4gXIy17vVci1w,Christine and the Queens 
UCvF6x2WGmjp-9fVgnjClzaw,http://www.youtube.com/channel/UCvF6x2WGmjp-9fVgnjClzaw,The Detour Podcast
UCvLB3nauNwvQVwhWGl28Uhg,http://www.youtube.com/channel/UCvLB3nauNwvQVwhWGl28Uhg,JAIN
UCvLc83k5o11EIF1lEo0VmuQ,http://www.youtube.com/channel/UCvLc83k5o11EIF1lEo0VmuQ,Sailing SV Delos
UCvPLXDJ3ru5ySOGHnXOBejA,http://www.youtube.com/channel/UCvPLXDJ3ru5ySOGHnXOBejA,AwesomeAlanna
UCvPXiKxH-eH9xq-80vpgmKQ,http://www.youtube.com/channel/UCvPXiKxH-eH9xq-80vpgmKQ,Epic History
UCvYOwzvHR_f3Sl4oKWkVy9w,http://www.youtube.com/channel/UCvYOwzvHR_f3Sl4oKWkVy9w,Andri Ragettli
UCvsG65a4iGTmSA9V4GDC8sA,http://www.youtube.com/channel/UCvsG65a4iGTmSA9V4GDC8sA,easyvote
UCwI-JbGNsojunnHbFAc0M4Q,http://www.youtube.com/channel/UCwI-JbGNsojunnHbFAc0M4Q,ARTE
UCwJ90WYotYEfTuBy7PcREKw,http://www.youtube.com/channel/UCwJ90WYotYEfTuBy7PcREKw,Tony PowerPoint
UCwVTg-nH4d9R88Bhwpkldiw,http://www.youtube.com/channel/UCwVTg-nH4d9R88Bhwpkldiw,BEST OF CULTES
UCweCc7bSMX5J4jEH7HFImng,http://www.youtube.com/channel/UCweCc7bSMX5J4jEH7HFImng,GMHikaru
UCwqE_FLCGZpLg7AeOdZpFwQ,http://www.youtube.com/channel/UCwqE_FLCGZpLg7AeOdZpFwQ,Les reporters du dimanche - CANAL+
UCwteC8d1uTeKLJtySneTiPw,http://www.youtube.com/channel/UCwteC8d1uTeKLJtySneTiPw,Antoine vs Physique
UCxByVUuLdxxiqQVmbOnDEzw,http://www.youtube.com/channel/UCxByVUuLdxxiqQVmbOnDEzw,Erik Grankvist
UCxFt75OIIvoN4AaL7lJxtTg,http://www.youtube.com/channel/UCxFt75OIIvoN4AaL7lJxtTg,X Games
UCxJsQFhb8PFjtuN5gdOV6-w,http://www.youtube.com/channel/UCxJsQFhb8PFjtuN5gdOV6-w,Hevesh5
UCxQtOWSozHPvXP2scWeEZsA,http://www.youtube.com/channel/UCxQtOWSozHPvXP2scWeEZsA,MADminton
UCxccMOwsnVQEqmOU94MZi7g,http://www.youtube.com/channel/UCxccMOwsnVQEqmOU94MZi7g,Adam Bobrow
UCyCz17_AtUq_N-dVm3cfOwQ,http://www.youtube.com/channel/UCyCz17_AtUq_N-dVm3cfOwQ,Cyclemoments
UCyDZai57BfE_N0SaBkKQyXg,http://www.youtube.com/channel/UCyDZai57BfE_N0SaBkKQyXg,Rob Scallon
UCyHDQ5C6z1NDmJ4g6SerW8g,http://www.youtube.com/channel/UCyHDQ5C6z1NDmJ4g6SerW8g,MAITHINK X
UCyPYQTT20IgzVw92LDvtClw,http://www.youtube.com/channel/UCyPYQTT20IgzVw92LDvtClw,Squat University
UCyf62Cz46Jod7zY-l6h_OEQ,http://www.youtube.com/channel/UCyf62Cz46Jod7zY-l6h_OEQ,Ozzy Man & Mozza Catch Up
UCyp1gCHZJU_fGWFf2rtMkCg,http://www.youtube.com/channel/UCyp1gCHZJU_fGWFf2rtMkCg,Numberphile2
UCyrQSvn6_25rINepVZ6H0qQ,http://www.youtube.com/channel/UCyrQSvn6_25rINepVZ6H0qQ,BikeRadar
UCys9jDbX6b67XmmuZh2mAKg,http://www.youtube.com/channel/UCys9jDbX6b67XmmuZh2mAKg,The Pro's Closet
UCywGsTdh_qqZUYmA2Gro2CA,http://www.youtube.com/channel/UCywGsTdh_qqZUYmA2Gro2CA,Loic Suberville
UCyxXWuClQZApCbKkTxMexTg,http://www.youtube.com/channel/UCyxXWuClQZApCbKkTxMexTg,WonderFools
UCz-RZblnhjXK_krP1jDybeQ,http://www.youtube.com/channel/UCz-RZblnhjXK_krP1jDybeQ,Julia Galef
UCz5wnzqxdlrhdpaVoRwKe2A,http://www.youtube.com/channel/UCz5wnzqxdlrhdpaVoRwKe2A,Tim Minchin
UCzJ3Q292D9YTyByssGcWMIg,http://www.youtube.com/channel/UCzJ3Q292D9YTyByssGcWMIg,The Kloons
UCzR-rom72PHN9Zg7RML9EbA,http://www.youtube.com/channel/UCzR-rom72PHN9Zg7RML9EbA,PBS Eons
UCzZOL1j2bK8YdDe1-K6aW1w,http://www.youtube.com/channel/UCzZOL1j2bK8YdDe1-K6aW1w,Justin The Kid
UCzb-6smlTg5UPirLdsdQ_cQ,http://www.youtube.com/channel/UCzb-6smlTg5UPirLdsdQ_cQ,Foil Arms and Hog
UCzjd9v6DMprAAvOBB4sxBPA,http://www.youtube.com/channel/UCzjd9v6DMprAAvOBB4sxBPA,LE GRAND JD





