Channel,xmlUrl,LastVideo,LastUrl
Titres des chaînes,https://www.youtube.com/feeds/videos.xml?channel_id=ID des chaînes,,
Mediocre Amateur,https://www.youtube.com/feeds/videos.xml?channel_id=UC-04mJDJUYHEyE8JPIEa0-w,Cascade Mountain // Do Not Follow Me,https://www.youtube.com/watch?v=-xSQgP0-A3M
CyclingHub 16,https://www.youtube.com/feeds/videos.xml?channel_id=UC-0ADczTyE6SKuKtWZHWVdg,Tour of Qatar 2016 HD - Stage 3 - FULL BROADCAST,https://www.youtube.com/watch?v=wmDotRygTms
Max Bird,https://www.youtube.com/feeds/videos.xml?channel_id=UC-4WUubuVGowG_R7gdgesPA,Oh je crois bien que j'ai trouvé,https://www.youtube.com/watch?v=Z5YmNDvcKmQ
Classic Tetris,https://www.youtube.com/feeds/videos.xml?channel_id=UC-8BAEcWSEs4-KQp1ULVnaQ,BATFOY VS MATT MARTIN IX: THE LAST STAND | THE BEST OF 99 ROUND 8! HOSTED BY KINGSMAN !DONATE,https://www.youtube.com/watch?v=uGu3EZzj2ck
Chris Froome,https://www.youtube.com/feeds/videos.xml?channel_id=UC-Kpp0NLi-Y3d7rKWscjZ3A,Meet CURVE,https://www.youtube.com/watch?v=gQ495fSJYtk
Rilès,https://www.youtube.com/feeds/videos.xml?channel_id=UC-NwsBEyZqZnPc9OaCFJSsw,I Don't Wanna Lose You (Full Art Performance),https://www.youtube.com/watch?v=4BMFjqojxxA
Science Mom,https://www.youtube.com/feeds/videos.xml?channel_id=UC-QcZISbFb9EiIEQ41cVhxw,Sharks with Ray Troll,https://www.youtube.com/watch?v=CpG0_B4tIJc
The Badminton Experience,https://www.youtube.com/feeds/videos.xml?channel_id=UC-SMVg5tKPpyjEHCSpxW9fw,Our final episode… The Badminton Experience EP. 63,https://www.youtube.com/watch?v=Mm_PR3m5fm8
Israel - Premier Tech,https://www.youtube.com/feeds/videos.xml?channel_id=UC-bBRbx8sNGYoXDpsWpKIDg,Gee-C at the Giro: Derek finishes fourth in Italy!,https://www.youtube.com/watch?v=hHNqBBpxL_Y
Les graines de Pascal Poot,https://www.youtube.com/feeds/videos.xml?channel_id=UC05iQ_IpU1R4Qu5bRbty04g,"Pascal Poot : l’agriculteur qui résiste, mais à quel prix ? ",https://www.youtube.com/watch?v=Tlt0u30wug4
TheBackyardScientist,https://www.youtube.com/feeds/videos.xml?channel_id=UC06E4Y_-ybJgBUMtXx8uNNw,Could you Survive a Blast from the Worlds Biggest Vortex Cannon?,https://www.youtube.com/watch?v=JSm7Tp8iv3o
Seb Bouin,https://www.youtube.com/feeds/videos.xml?channel_id=UC0in5snOa3tXXPStXcxlllQ,Climbing Italy #3 | Sperlonga,https://www.youtube.com/watch?v=SAUWJm8j_Us
Unibet Tietema Rockets,https://www.youtube.com/feeds/videos.xml?channel_id=UC0k1SRsGd6THnCvsMulf2YA,Are We Finishing in that Crucial UCI Top 30? | August Madness Ep. 4,https://www.youtube.com/watch?v=udeLDTaBlPk
LeFrancoisPerusse,https://www.youtube.com/feeds/videos.xml?channel_id=UC0vWI_4ksC3BbbM7Zn2P7_w,Les 2 minutes du peuple – Fréquence Pérusse – LNH retour 3,https://www.youtube.com/watch?v=wpWl0fBI8Bg
Real Science,https://www.youtube.com/feeds/videos.xml?channel_id=UC176GAQozKKjhz62H8u9vQQ,Dragonflies Are Not What You Think,https://www.youtube.com/watch?v=nq_tGiprNlU
NileBlue,https://www.youtube.com/feeds/videos.xml?channel_id=UC1D3yD4wlPMico0dss264XA,Making the world's most powerful Red Bull,https://www.youtube.com/watch?v=7arjH-sGWFM
CyclingHub,https://www.youtube.com/feeds/videos.xml?channel_id=UC1Sawe7yLd2bh-0g_XVpD4w,,
Shuttle Flash 2 Official,https://www.youtube.com/feeds/videos.xml?channel_id=UC1XotrYlzRwI0FhWN_2bTLw,i'm sexy and i know it,https://www.youtube.com/watch?v=670lboQCmHQ
Laura Fletcher,https://www.youtube.com/feeds/videos.xml?channel_id=UC1jWG0mvTHL6h8h8LPaKljg,Rick Zabel: Hair Throw,https://www.youtube.com/watch?v=3kaOn_-08RE
Chris Opie,https://www.youtube.com/feeds/videos.xml?channel_id=UC1nlOXSzksLqi8jeGy-R5iQ,Stashed SpaceRail Bike Storage System Upgrade,https://www.youtube.com/watch?v=kzpYqjof99c
Lanterne Rouge Cycling Podcast,https://www.youtube.com/feeds/videos.xml?channel_id=UC1sTqWskIXqSItyojGhXPyQ,UCI's Curious New Points System & Can Pogačar Repeat At Europeans? | LRCP Weekly #20,https://www.youtube.com/watch?v=cHJGHa55Hs0
CYCLING GAMES,https://www.youtube.com/feeds/videos.xml?channel_id=UC2C78cpYRnk8YCfUSD_pjYQ,,
Château du Theil,https://www.youtube.com/feeds/videos.xml?channel_id=UC2Cw3qm_ThzomK1ySt4X79g,Ep 80. La Serre Aquaponique Produit Enfin Des Légumes Pour Le Restaurant !,https://www.youtube.com/watch?v=9DLcLWCNEJM
TheSwissBox Conversation,https://www.youtube.com/feeds/videos.xml?channel_id=UC2GbQ8YKqFn843Ve8T7zT6Q,LE MONDE SELON ISRAËL | Au cœur d’une politique de guerre | Alain Gresh,https://www.youtube.com/watch?v=Ym7xv9Ihr-I
GIGS,https://www.youtube.com/feeds/videos.xml?channel_id=UC2LSxCQoApZVmpWEBudCZlQ,Lenny Kravitz - Fly Away (Lenny Live),https://www.youtube.com/watch?v=UqQIoRPqDpQ
2veritasium,https://www.youtube.com/feeds/videos.xml?channel_id=UC2LZO6swZ9SLUEOks3WnsfA,Anti Social Media,https://www.youtube.com/watch?v=KAo2nmVlfOA
CyclingHub - Survive,https://www.youtube.com/feeds/videos.xml?channel_id=UC2TAml2Dbjfre4I4fmgAFlA,,
Axolot,https://www.youtube.com/feeds/videos.xml?channel_id=UC2_OG1L8DLTzQ7UrZVOk7OA,Je n'oublierai jamais cette maison.,https://www.youtube.com/watch?v=DlKmxjW-nT0
engineerguy,https://www.youtube.com/feeds/videos.xml?channel_id=UC2bkHVIDjXS7sgrgjFtzOXQ,The masterful design of the two-liter plastic soda bottle,https://www.youtube.com/watch?v=kU_gH36GG58
Team TotalEnergies,https://www.youtube.com/feeds/videos.xml?channel_id=UC2fDRrhZe0cg_ugurpiRjgQ,L'Étoile de Bessèges 2026 - En immersion avec le Team TotalEnergies,https://www.youtube.com/watch?v=fSO0X1ZZ7Kk
CyclingHub TV,https://www.youtube.com/feeds/videos.xml?channel_id=UC2zsGnmGAFkDjGAANxi-nBQ,,
Ozzy Man's Video Licensing,https://www.youtube.com/feeds/videos.xml?channel_id=UC39AD68O5xe4zXjXmpVfrCQ,To Save Your Child Or Your Lawn Mower?,https://www.youtube.com/watch?v=EhqOvSuBrD4
European Coffee Trip,https://www.youtube.com/feeds/videos.xml?channel_id=UC3KGOt3IfrVxDNtz5o7H-5A,"Winning POUR OVER Recipe with New SOLO Dripper (Jackie Tran, Mazelab Coffee)",https://www.youtube.com/watch?v=8unGGgFamW4
Badminton Tokyo 2020,https://www.youtube.com/feeds/videos.xml?channel_id=UC3S7Ovx3nBVZPUMQeB_N1iw,Badminton Warm Up,https://www.youtube.com/watch?v=8gBk2I57KVk
LastWeekTonight,https://www.youtube.com/feeds/videos.xml?channel_id=UC3XTzVzaHQEd30rQbuvCtTQ,Netanyahu: Last Week Tonight with John Oliver (HBO),https://www.youtube.com/watch?v=0_Bwix9IjOE
HORS PISTE,https://www.youtube.com/feeds/videos.xml?channel_id=UC3wo3FJJF1DLH7IetxeyRhg,MICROCOSME x FOUR DE l'ADDE,https://www.youtube.com/watch?v=7Qn9e8rFPRg
The social distance podcast,https://www.youtube.com/feeds/videos.xml?channel_id=UC3wpZf032WfG49qChzXRu3Q,"Tour Down Under, pre race motivational speeches & Jonesy's recent Gout attack",https://www.youtube.com/watch?v=vFCOxW5qVzE
David Castello-Lopes,https://www.youtube.com/feeds/videos.xml?channel_id=UC4GIkvzssZe4AYRVYt6XaaQ,Je suis écrivain,https://www.youtube.com/watch?v=mbc8_8Tv3W8
Voilier les Copains,https://www.youtube.com/feeds/videos.xml?channel_id=UC4NcL935p6TJIXbFOz8vV5A,Restoration d'un Ketch en ACIER TOUT ROUILLÉ,https://www.youtube.com/watch?v=xGtsFcV3D6c
Mickaël Launay (Micmaths),https://www.youtube.com/feeds/videos.xml?channel_id=UC4PasDd25MXqlXBogBw9CAg,L'énigme de la bouteille et du bouchon - Micmaths,https://www.youtube.com/watch?v=RgZSyy_x0r4
Jackson O'Doherty,https://www.youtube.com/feeds/videos.xml?channel_id=UC4rK049V0A0xVUgXewVIYTQ,,
Tibees,https://www.youtube.com/feeds/videos.xml?channel_id=UC52kszkc08-acFOuogFl5jw,This 1849 science book flew off the shelves,https://www.youtube.com/watch?v=Mm0lryiQQrY
AT Cycling,https://www.youtube.com/feeds/videos.xml?channel_id=UC5CzACYytLpTEZ5wKd36omQ,Is the Magicshine HORI 1300 the Best Bike Light on AliExpress?,https://www.youtube.com/watch?v=vX6274mMX34
XgamesDen HD,https://www.youtube.com/feeds/videos.xml?channel_id=UC5SEAJXRIKg-pI7qpxLkNqA,,
How Ridiculous,https://www.youtube.com/feeds/videos.xml?channel_id=UC5f5IV0Bf79YLp_p9nfInRA,How Many Gnomes Stop A Throwing Axe?,https://www.youtube.com/watch?v=bUzNS8iOTwI
milosguitar,https://www.youtube.com/feeds/videos.xml?channel_id=UC5uqghOmqW3KpG-x-LxSGng,Milos Karadaglic - Les Barricades mystérieuses,https://www.youtube.com/watch?v=1CO1wYhppyw
SmarterEveryDay,https://www.youtube.com/feeds/videos.xml?channel_id=UC6107grRI4m0o2-emgoDnAA,Why Do Spinning Things Do This? - Smarter Every Day 312,https://www.youtube.com/watch?v=XwBZx1cXEdM
Lost in the swell,https://www.youtube.com/feeds/videos.xml?channel_id=UC65kvy0ROxxm-ah97Fm_NXw,Lost in the Train,https://www.youtube.com/watch?v=5bmwOER_0TM
Tom Stanton,https://www.youtube.com/feeds/videos.xml?channel_id=UC67gfx2Fg7K2NSHqoENVgwA,Building a Stirling Engine Bike - Part 1,https://www.youtube.com/watch?v=zB3lrLjqIh4
Python Programmer,https://www.youtube.com/feeds/videos.xml?channel_id=UC68KSmHePPePCjW4v57VPQg,Why You Never Get Better at Learning,https://www.youtube.com/watch?v=G8P4dcEm9tk
Volta Ciclista a Catalunya,https://www.youtube.com/feeds/videos.xml?channel_id=UC6Lz8cQdGei1Z60Sfe7QUJQ,Volta a Catalunya masculina 2026. Etapa 7: Barcelona - Barcelona,https://www.youtube.com/watch?v=VMwXY3haI8o
Hannah (Sex &amp; Relationships Education),https://www.youtube.com/feeds/videos.xml?channel_id=UC6iWKC08iw9K-R6Wh5pbZNQ,Where Have I Been?,https://www.youtube.com/watch?v=vi-cAZvD08s
Nathan Florence,https://www.youtube.com/feeds/videos.xml?channel_id=UC6uX6GF5q2JxLjMkyivM2Og,FLASH FLOODS STRIKE SURFING’S MOST FAMOUS COASTLINE (North Shore Oahu),https://www.youtube.com/watch?v=dQFhIzqB5vY
Just Adelaide Racing,https://www.youtube.com/feeds/videos.xml?channel_id=UC704SCO5jF35VjCIqnWrocA,NCC TDU Crit #3 - Nightshift - 22.1.26 - Full Race,https://www.youtube.com/watch?v=0AtFFxl4D-w
GCN Tech,https://www.youtube.com/feeds/videos.xml?channel_id=UC710HJmp-YgNbE5BnFBRoeg,World Champs Won On A Chinese Bike? What Does This Mean? | GCN Tech Show Ep. 406,https://www.youtube.com/watch?v=sdTot_abqv8
Lanterne Rouge,https://www.youtube.com/feeds/videos.xml?channel_id=UC77UtoyivVHkpApL0wGfH5w,Jonathan Milan Wants Revenge for Losing this Sprint | UAE Tour 2026 Stage 7,https://www.youtube.com/watch?v=-45cPLaWQBg
Physics Girl,https://www.youtube.com/feeds/videos.xml?channel_id=UC7DdEm33SyaTDtWYGO2CwdA,First Update From Dianna (Physics Girl),https://www.youtube.com/watch?v=vqeIeIcDHD0
Backstage with Dan Jones,https://www.youtube.com/feeds/videos.xml?channel_id=UC7_GHa-moA47JseWO0vMYlA,From Gold Medals to NBA playoffs - Sports Science with Dr. David T Martin,https://www.youtube.com/watch?v=JcxuFiRB7m8
PBS Space Time,https://www.youtube.com/feeds/videos.xml?channel_id=UC7_gcs09iThXybpVgjHZ_7g,At What Point Does Spacetime Become Quantum?,https://www.youtube.com/watch?v=xRhsD-RQNHs
Florence Foresti,https://www.youtube.com/feeds/videos.xml?channel_id=UC7dhKLzjPzzUIpQYnhT2Lew,ÉPILOGUE - LE SPECTACLE ÉVÈNEMENT,https://www.youtube.com/watch?v=EklH-MVPgMc
Heu?reka,https://www.youtube.com/feeds/videos.xml?channel_id=UC7sXGI8p8PvKosLWagkK9wQ,ARGENT MAGIQUE : PAS DE SAISON 2 ? @Heu7reka  / @StupidEco,https://www.youtube.com/watch?v=5okrIV2rrtE
Sigma Sports,https://www.youtube.com/feeds/videos.xml?channel_id=UC87xDZXJ4YbTkz4vs0UiT-w,The Sigma Sports Cafe Ride - Sepp Kuss,https://www.youtube.com/watch?v=YRqM2e-cz28
Tonya Coffey,https://www.youtube.com/feeds/videos.xml?channel_id=UC8D8ZAJvULlIVI3kYowlfhw,Michelson-Morley Interferometer: Derivation of their equations,https://www.youtube.com/watch?v=jzsOUFqweLg
Exploring Alternatives,https://www.youtube.com/feeds/videos.xml?channel_id=UC8EQAfueDGNeqb1ALm0LjHA,Comfortable Tiny House with Flexible Open Concept Design & Main Floor Bedroom – FULL TOUR,https://www.youtube.com/watch?v=kzTmmZ7oVSs
Mister V,https://www.youtube.com/feeds/videos.xml?channel_id=UC8Q0SLrZLiTj5s4qc9aad-w,DANS LA PEAU DE MCWALTER 2 (Making Of Partie 2),https://www.youtube.com/watch?v=YnX8wzQgfDk
Koda,https://www.youtube.com/feeds/videos.xml?channel_id=UC8Sgg29FRGBWuwrAeMkOAYA,,
Marc Rebillet - Topic,https://www.youtube.com/feeds/videos.xml?channel_id=UC8lAvS7_nwI5wuMC5zyJVwA,Bless That Ass,https://www.youtube.com/watch?v=6JOzuCKqZ38
Wendover Productions,https://www.youtube.com/feeds/videos.xml?channel_id=UC9RM-iSvTu1uPJb8X5yp3EQ,Why Britain Cares So Much About the Falklands,https://www.youtube.com/watch?v=aaQWgd3guy8
Mister Culture,https://www.youtube.com/feeds/videos.xml?channel_id=UC9bHA9D-hkaVq78rHB8GBYw,,
Cristian Ropero,https://www.youtube.com/feeds/videos.xml?channel_id=UC9hQ41NyuEJo3g5TK40z9_Q,Santos Tour Down Under 2019 - 2ª Etapa [Últimos 14 KM],https://www.youtube.com/watch?v=dhFBjvzPRA4
JdMfX_,https://www.youtube.com/feeds/videos.xml?channel_id=UC9yubS4W7CdoD5F8RNz4Fuw,All I Want This Game is a Bar (OFFICIAL VIDEO),https://www.youtube.com/watch?v=Cr3l9gu4GDc
Patrick Broe,https://www.youtube.com/feeds/videos.xml?channel_id=UCAAXjKgDTWuxE-H4N2sbQAw,Playing My Brother in Basketball 8 Years Later,https://www.youtube.com/watch?v=y45zteOK8tU
PotatoMcWhiskey,https://www.youtube.com/feeds/videos.xml?channel_id=UCAF_yy-Y4yl4VMiQ7RV3STw,Endless Legend II is my Game of the Year - Early Access - First Impression,https://www.youtube.com/watch?v=QrikxmapnMQ
Cycling Pro Net,https://www.youtube.com/feeds/videos.xml?channel_id=UCAKkRVGHv4uHTM5S2jSzLDQ,Thomas Voeckler - Interview à l'arrivée - Drôme-Ardèche Mixed Relay TTT European Championships 2025,https://www.youtube.com/watch?v=BXcLIf1Njwo
Primitive Technology,https://www.youtube.com/feeds/videos.xml?channel_id=UCAL3JXZSzSm8AlZyD3nQdBA,Primitive Technology: 2.5 m Natural draft furnace experiment,https://www.youtube.com/watch?v=XD4jvdjAMA8
Jackson O'Doherty Vlogs,https://www.youtube.com/feeds/videos.xml?channel_id=UCAfRXcWTlNLa2sEMANgmtPA,I Got Attacked On Scotland's Most Haunted Ghost Tour!,https://www.youtube.com/watch?v=H-ssFOlYuEk
Jonna Jinton,https://www.youtube.com/feeds/videos.xml?channel_id=UCAk3t7WHs2zjsZpopox8Taw,'Vintervatten' - Original painting by Jonna Jinton,https://www.youtube.com/watch?v=JZpZ-mmOllQ
BotezLive,https://www.youtube.com/feeds/videos.xml?channel_id=UCAn8NrZ-J4CRfwodajqFYoQ,"Chess Grandmaster & Harvard Professor on Trump, US Economy, Bitcoin & more | Ken Rogoff",https://www.youtube.com/watch?v=YJDJ19tdo6k
TED,https://www.youtube.com/feeds/videos.xml?channel_id=UCAuUUnT6oDeKwE6v1NGQxug,Why We Need to Know Our Lives Matter | Jennifer Wallace | TED,https://www.youtube.com/watch?v=FxpONecbsZQ
PERMAFUTUR TV,https://www.youtube.com/feeds/videos.xml?channel_id=UCBHp0uxB-2aJcoi_MFpFd-Q,RÉUSSIR sa GREFFE FACILE de PÊCHER 🍑 Pour des fruits en ABONDANCE !,https://www.youtube.com/watch?v=2plNp5nS6Xg
Fatcreations Custom Paint,https://www.youtube.com/feeds/videos.xml?channel_id=UCBredJ_HNtm0j3LNAiFC5_A,MUC-OFF Cannondale custom,https://www.youtube.com/watch?v=Ze89RAzySEE
Stephen O'Brien,https://www.youtube.com/feeds/videos.xml?channel_id=UCBrfmrmb9iu4HQOf-WeV4Dg,Borneo(1),https://www.youtube.com/watch?v=1nGzvvVTrN4
ITV Sport,https://www.youtube.com/feeds/videos.xml?channel_id=UCBzDz6beXDfMtfxQdEutD_w,RETRO HIGHLIGHTS: Chelsea vs Liverpool | Division One 1979 | The Big Match Revisited,https://www.youtube.com/watch?v=rPVELi2zYGg
Cracking The Cryptic,https://www.youtube.com/feeds/videos.xml?channel_id=UCC-UOdK8-mIjxBQm_ot1T-Q,"""No Guessing Is Required"": The Fog Sudoku Challenge",https://www.youtube.com/watch?v=47tQAsDhC9g
CyclingHub,https://www.youtube.com/feeds/videos.xml?channel_id=UCC5qekjoRBu6wtvZrTMWv0A,,
BayernRundfahrt,https://www.youtube.com/feeds/videos.xml?channel_id=UCCITEV3TAEgmn2fFU0AyH7Q,Bayern Rundfahrt 2015 - Videorückblick,https://www.youtube.com/watch?v=pc7oXFXBF9o
Cervélo,https://www.youtube.com/feeds/videos.xml?channel_id=UCCZEhVnOZ6Pmph57Q08g0RA,"Dream Bike, Dream Build | The All-New Cervélo R5",https://www.youtube.com/watch?v=CNAkIaya6f8
りょくちゃ / Greentea,https://www.youtube.com/feeds/videos.xml?channel_id=UCC_1hZYy2vgaoCTTHq3Wvmw,TGM4 Normal 3.1 (TGM Rule) GM @ 6′43″93,https://www.youtube.com/watch?v=Xo52XHHtvRc
VeloVeloVelo,https://www.youtube.com/feeds/videos.xml?channel_id=UCCdLCWglf1cUKQ0R7eMFiTQ,The New Specialized Aethos 2 Rides Like a 13-Pound Titanium Bike,https://www.youtube.com/watch?v=3wtQa7rEFmM
Mike Horn,https://www.youtube.com/feeds/videos.xml?channel_id=UCCelP6iJfYoj0Ea3qXqugXQ,JE RETOURNE A L'AVENTURE,https://www.youtube.com/watch?v=tyCczSuMgbE
Cam Nicholls,https://www.youtube.com/feeds/videos.xml?channel_id=UCCkL8DHm5KSE5MiDWepOHUw,BMC Teammachine R 01 (Custom Race Build),https://www.youtube.com/watch?v=FgbVmCziDaE
Fermilab,https://www.youtube.com/feeds/videos.xml?channel_id=UCD5B6VoXv41fJ-IW8Wrhz9A,DUNE: Seeing the invisible,https://www.youtube.com/watch?v=RLHdFspXcHk
CyclingHub15,https://www.youtube.com/feeds/videos.xml?channel_id=UCD7x-04COErWJAr2ERdWQ1w,,
Hannah Witton,https://www.youtube.com/feeds/videos.xml?channel_id=UCDR1aI5qGaK7l4y0gqDGGLg,"adding an extension to our flat (no, but really)",https://www.youtube.com/watch?v=NJuAJJ5Cfn4
Senator Bernie Sanders,https://www.youtube.com/feeds/videos.xml?channel_id=UCD_DaKNac0Ta-2PeHuoQ1uA,The Truth About Trump's State of the Union | Sen. Bernie Sanders,https://www.youtube.com/watch?v=W2qpYkLZxeY
WORLD PELOTON,https://www.youtube.com/feeds/videos.xml?channel_id=UCDeWWVP1-HTaYXgbjD9-jtQ,,
SciFri,https://www.youtube.com/feeds/videos.xml?channel_id=UCDjGU4DP3b-eGxrsipCvoVQ,Why Painters Are Obsessed With The Duck Stamp Art Contest,https://www.youtube.com/watch?v=E35sL4mJnCA
Asclépios,https://www.youtube.com/feeds/videos.xml?channel_id=UCDqEttzOpPbDoeC05HRPPDQ,La Lobotomie - PRIX NOBEL OU MUTILATION ?,https://www.youtube.com/watch?v=ROyZJMB_hEY
c4di114c,https://www.youtube.com/feeds/videos.xml?channel_id=UCE9hj1Kw2xLaOFRDm6waBrA,CADILLAC - ORIGINUL LIVE SESSION - VINYLE - SORTIE NATIONULE,https://www.youtube.com/watch?v=qtUGoHDhN3c
Jerobeam Fenderson,https://www.youtube.com/feeds/videos.xml?channel_id=UCECl4aNz5hvuRzW5fgCOHKQ,Laserwaves,https://www.youtube.com/watch?v=xDcjye1wL60
OG Crew,https://www.youtube.com/feeds/videos.xml?channel_id=UCEEYC7-n3iCQSyZBAZOmpEg,OGs BEST FRIEND TEST,https://www.youtube.com/watch?v=nxfR-2Q5zzs
Xyla Foxlin,https://www.youtube.com/feeds/videos.xml?channel_id=UCEn3fRj2e0mpqYsijxnzayg,I Broke the Sound Barrier with a 3D Printed Rocket!,https://www.youtube.com/watch?v=HU3YnVzqExA
orelsan,https://www.youtube.com/feeds/videos.xml?channel_id=UCEnFzIYw3BrndPCddyQ6c5A,Yoroï - La bande-annonce officielle - Au cinéma le 29 octobre 2025,https://www.youtube.com/watch?v=DSjh-MrQrA8
Victor Campenaerts,https://www.youtube.com/feeds/videos.xml?channel_id=UCEodXVmZuZoTjTA7NCIRe0A,Ride with Victor Campenaerts! - ROUVY,https://www.youtube.com/watch?v=O2qK_TQ9gso
CyclingHub15 - Spring,https://www.youtube.com/feeds/videos.xml?channel_id=UCEtP611hgbMVxiSAr1Kqfyg,,
Sailing Magic Carpet,https://www.youtube.com/feeds/videos.xml?channel_id=UCF4xKWRRSuOo4pkOgn91Tdg,Our Sailboat got Pulled Into the Mountains [Ep 8],https://www.youtube.com/watch?v=bpKGGJKInUI
Yoga With Adriene,https://www.youtube.com/feeds/videos.xml?channel_id=UCFKE7WVJfvaHW5q283SxchA,Upper Back and Neck Mobility | 13-Minute Yoga Practice,https://www.youtube.com/watch?v=mgpjd4JMSZg
Stupeflip Officiel,https://www.youtube.com/feeds/videos.xml?channel_id=UCFM-_iQVoyFHyHulT9JxSPA,Stupeflip - Raggalloween,https://www.youtube.com/watch?v=gkwKrIlc9bQ
Anders Antonsen,https://www.youtube.com/feeds/videos.xml?channel_id=UCFMahNgeKGjYCCskyfBSVZw,What Happened In Jakarta… - Indonesia Masters 2026,https://www.youtube.com/watch?v=il12Fas8EO4
NileRed,https://www.youtube.com/feeds/videos.xml?channel_id=UCFhXFikryT4aFcLkLw2LBLA,Making liquid nitrogen from scratch (an absurd amount),https://www.youtube.com/watch?v=GmwaJnj6pfY
Cycling Pulse,https://www.youtube.com/feeds/videos.xml?channel_id=UCFtOJh5aZ2hqGA4wJnUEnZw,How To Ride 100 Miles: Taking On Your First Century,https://www.youtube.com/watch?v=vUSiDuEitUo
Ross Kemp Extreme World,https://www.youtube.com/feeds/videos.xml?channel_id=UCG4aUmNL9W0I5hx6Zzp_3-A,Ross Kemp in Afghanistan: Ross Deploys to Afghanistan | Ross Kemp Extreme World,https://www.youtube.com/watch?v=KQYHUmsKlEw
Athéna Sol,https://www.youtube.com/feeds/videos.xml?channel_id=UCG_gUXkfikOHnbmYks2SRrQ,,
Monty Python,https://www.youtube.com/feeds/videos.xml?channel_id=UCGm3CO6LPcN-Y7HIuyE0Rew,Terry Gilliam discusses Monty Python & the Holy Grail at 50,https://www.youtube.com/watch?v=frzEaErIpVI
Howtown,https://www.youtube.com/feeds/videos.xml?channel_id=UCGudGqToOw9hWGR88W9Jutg,The honest truth about lie detectors,https://www.youtube.com/watch?v=5Zhim-mHzZI
L'Esprit Sorcier TV,https://www.youtube.com/feeds/videos.xml?channel_id=UCH6rAZUDfVIoVSJjm3vlcnw,Biomédicaments : des gènes au service de la santé,https://www.youtube.com/watch?v=CvUQz-KYnHI
Simon's Cat,https://www.youtube.com/feeds/videos.xml?channel_id=UCH6vXjt-BA7QHl0KnfL-7RQ,CRAZY KITTEN 2 (Full Colour Special),https://www.youtube.com/watch?v=l8AAu-VNIQw
Catherine Darbord,https://www.youtube.com/feeds/videos.xml?channel_id=UCH7PAudbd2nTpTzPrJnwlzg,VOYAGE SONORE vibratoire,https://www.youtube.com/watch?v=b35A_Q6sAdc
Maisie Williams,https://www.youtube.com/feeds/videos.xml?channel_id=UCHCoOOsGPuEca4JCVKmcNXA,Daisie X Majestic Casual - Alice Phoebe Lou,https://www.youtube.com/watch?v=28ivGO04MCs
Le Dessous des Cartes - ARTE,https://www.youtube.com/feeds/videos.xml?channel_id=UCHGMBrXUzClgjEzBMei-Jdw,Afghanistan : un pays enfermé ? | L'Essentiel du Dessous des Cartes | ARTE,https://www.youtube.com/watch?v=JdGozJ8L5L4
David NON-OFFICIEL alias Mr REUPLOAD,https://www.youtube.com/feeds/videos.xml?channel_id=UCHIUlE05pJAwYdLmiHwfYzg,,
BobkeTV,https://www.youtube.com/feeds/videos.xml?channel_id=UCHKOdvOjx4w_YAgOSDEqSxA,Peter Sagan INSANE Bike Skills Up Stairs!,https://www.youtube.com/watch?v=vIFhL-FtsyM
RiediProjects,https://www.youtube.com/feeds/videos.xml?channel_id=UCHYNOKKMCql70tD8F8RBxxQ,"Strength, Resilience, Ductility, Brittleness, Toughness, Rigidity in materials",https://www.youtube.com/watch?v=OBXXGDyfIN0
Luisier Affineur,https://www.youtube.com/feeds/videos.xml?channel_id=UCHZ9htxKCs-a-cxvNWwJPmw,La sélection du mois va vous surprendre,https://www.youtube.com/watch?v=l7DMKr4dKkU
apetor,https://www.youtube.com/feeds/videos.xml?channel_id=UCHnK83dqyPvFo6GX0rCwn8A,"I am Not Dead, I am 57 Today",https://www.youtube.com/watch?v=igNmQH23C88
Veritasium,https://www.youtube.com/feeds/videos.xml?channel_id=UCHnyfMqiRRG1u-2MsSQLbXA,Something Strange Happens When You Trace How Connected We Are,https://www.youtube.com/watch?v=CYlon2tvywA
Sindre Wiig Nordby,https://www.youtube.com/feeds/videos.xml?channel_id=UCI9-Ix7G7Q8hGbgwCsLv82Q,,
TysyTube Restoration,https://www.youtube.com/feeds/videos.xml?channel_id=UCIGEtjevANE0Nqain3EqNSg,Rusty Pancake Pan Restoration ,https://www.youtube.com/watch?v=MeWEO0f-mzo
Elena Gabrielle,https://www.youtube.com/feeds/videos.xml?channel_id=UCIIW_IeiU_cHTV36opGHNag,a little (big) life update....,https://www.youtube.com/watch?v=iIbEN6dHIYU
Coaching Badminton,https://www.youtube.com/feeds/videos.xml?channel_id=UCILTjkA1qtd37zmo6g9asVw,Badminton Doubles Practices-Key Tactical Positioning-Lesson 6  Attack and Kill,https://www.youtube.com/watch?v=QaxraQS8UrM
The Dodo,https://www.youtube.com/feeds/videos.xml?channel_id=UCINb0wqPz-A0dV9nARjJlOQ,Trash Collector Who Brings Her Dog To Work Gets The Sweetest Surprise | The Dodo,https://www.youtube.com/watch?v=WQxKAqcm3DA
L'Effet Papillon - Reportages internationaux,https://www.youtube.com/feeds/videos.xml?channel_id=UCIQv1KE4NlcevsQwKCZtxQw,La mafia est partout dans le monde [COMPILATION],https://www.youtube.com/watch?v=tTrajljZ1fc
NorCal Cycling,https://www.youtube.com/feeds/videos.xml?channel_id=UCIfRR1N2Gm1vjj9X955iWSQ,"How to Beat World Tour Pros for $15,000",https://www.youtube.com/watch?v=lQeENMnaOvk
Jimi Jackson,https://www.youtube.com/feeds/videos.xml?channel_id=UCJf7YEdkEV33UXnm0gLzwvA,I Tried the Best McDonald’s in the World (Japan),https://www.youtube.com/watch?v=-c5jyccLAzo
Riding Zone,https://www.youtube.com/feeds/videos.xml?channel_id=UCJlvyoYGLr3UIV0oD4-aarA,World First en VTT ! Énorme saut français en kitesurf ! Un drame en altitude !,https://www.youtube.com/watch?v=xxARdIAHhd4
SEB,https://www.youtube.com/feeds/videos.xml?channel_id=UCK3inMNRNAVUleEbpDU1k2g,JUSTIN BIEBER : célèbre trop jeune ?,https://www.youtube.com/watch?v=vntNZeqGn74
Badminton Europe,https://www.youtube.com/feeds/videos.xml?channel_id=UCKKVmSr0-nktD2CFXATNkYw,Maio/Villeger defeats defeat Chia/Soh [1] German Open!,https://www.youtube.com/watch?v=9S-cziIbudE
thejuicemedia,https://www.youtube.com/feeds/videos.xml?channel_id=UCKRw8GAAtm27q4R3Q0kst_g,Honest Woodside CEO Recruitment Ad,https://www.youtube.com/watch?v=zhokI1flaX0
Badminton Addicts,https://www.youtube.com/feeds/videos.xml?channel_id=UCKf-zrnjkq38sAZNPnmdpfQ,LOKESH NAVEEN VS DHARMA SACHIN / PONDICHERRY OPEN MATCH,https://www.youtube.com/watch?v=WCF8gBInjbU
Robin Greenfield,https://www.youtube.com/feeds/videos.xml?channel_id=UCKirXBZV7hE4Fws3VSdYkRQ,What I’m Eating and Traveling with - Foraging 100% of My Food,https://www.youtube.com/watch?v=IUm-sXdqBu8
C'est une autre histoire,https://www.youtube.com/feeds/videos.xml?channel_id=UCKjDY4joMPcoRMmd-G1yz1Q,L'enfer d'Instagram en voyage,https://www.youtube.com/watch?v=tiHnYvrcwWA
PeterSaganOfficial,https://www.youtube.com/feeds/videos.xml?channel_id=UCKkL0iyYrHXA6MNOoRPGZdQ,France TV - Vélo Club - 12 Jul 2023,https://www.youtube.com/watch?v=LXhjKFEIvmE
Gamazda,https://www.youtube.com/feeds/videos.xml?channel_id=UCKscaP2HvovgMjkpY6KwfJQ,Gamazda — 1 MILLION SUBSCRIBERS CELEBRATION STREAM! 🎹,https://www.youtube.com/watch?v=CtQ2R9mxq50
Primer,https://www.youtube.com/feeds/videos.xml?channel_id=UCKzJFdi57J53Vr_BkTfN3uQ,Simulating a single brain cell,https://www.youtube.com/watch?v=GkiITbgu0V0
agadmator's Chess Channel,https://www.youtube.com/feeds/videos.xml?channel_id=UCL5YbN5WLFD8dLIegT5QAbA,No One Understands Queen and Pawn Endgames! || Fabiano Caruana vs MVL || Grand Chess Tour Final 2025,https://www.youtube.com/watch?v=_jIZSGnSTp8
theinspectorcluzo,https://www.youtube.com/feeds/videos.xml?channel_id=UCLIl1HNB9i5VrGMv0St73lg,THE INSPECTOR CLUZO - THOREAU,https://www.youtube.com/watch?v=wygCtD8uang
ARTEde,https://www.youtube.com/feeds/videos.xml?channel_id=UCLLibJTCy3sXjHLVaDimnpQ,Schimpansen im Kongo mit Jane Goodall | Doku HD Reupload | ARTE,https://www.youtube.com/watch?v=E6YdpybtNCc
All The Cycling,https://www.youtube.com/feeds/videos.xml?channel_id=UCLUr6B8l26eO7wD1JBJYGzw,,
Fouloscopie,https://www.youtube.com/feeds/videos.xml?channel_id=UCLXDNUOO3EQ80VmD9nQBHPg,Les 3 lois de L'ATTRACTION SOCIALE,https://www.youtube.com/watch?v=hmo2uQbpdbI
Greg Guillotin,https://www.youtube.com/feeds/videos.xml?channel_id=UCM1c1okZ-7cPV7BEZ-pzUGg,"Making-of du Pire Stagiaire choriste (Veronica, chanteuse)",https://www.youtube.com/watch?v=GRbfWlDvubc
MovementbyDavid,https://www.youtube.com/feeds/videos.xml?channel_id=UCM2ra7Od2jliHB9TLPKt76w,It Always Hurts | My Current Struggle,https://www.youtube.com/watch?v=K9H4W0IUhfE
RTS Couleur 3,https://www.youtube.com/feeds/videos.xml?channel_id=UCMKTFLrYiRerhOR9-lZnb3Q,L'histoire de l'inventeur du vibromasseur 💖 - Valérie Paccaud,https://www.youtube.com/watch?v=SYYLNRXHQIw
JTFF I Marco I 2/5 IDF,https://www.youtube.com/feeds/videos.xml?channel_id=UCMMg-l1qYhOk958PrqQdDkQ,DCS Flight - PAR/GCA RTB 11° de pente à Incrilik,https://www.youtube.com/watch?v=kqGyoUDIOTo
Practical Engineering,https://www.youtube.com/feeds/videos.xml?channel_id=UCMOqf8ab-42UUQIdVoKwjlQ,So You Want to Build a Tunnel...,https://www.youtube.com/watch?v=Ssw5bdx1HKw
Brice Leverdez,https://www.youtube.com/feeds/videos.xml?channel_id=UCMg2WPx-OBCy79wRYjOJ9bw,8 TOP EXERCICES D'EXPLOSIVITÉ POUR LE BADMINTON (DEVIENS UN TIGRE SUR LE TERRAIN),https://www.youtube.com/watch?v=61kETBOUedI
Tour of the Alps,https://www.youtube.com/feeds/videos.xml?channel_id=UCMqRqL0WvuDgn-TGLhn9VJg,Tour of the Alps 2026 STAGE 5 - Trento-Bozen/Bolzano ⭐⭐⭐,https://www.youtube.com/watch?v=X9eQv_g6I7U
VELOSOPHE CYCLIST BEER,https://www.youtube.com/feeds/videos.xml?channel_id=UCMrPlVFbDnWApTuL7OF0z5g,Roc d'Azur avec Les Momos et les Cols.,https://www.youtube.com/watch?v=EEmKNeanT6I
kuveMINTON,https://www.youtube.com/feeds/videos.xml?channel_id=UCN367vNoZ0wib3pdBuDDPKg,,
RideAble Now,https://www.youtube.com/feeds/videos.xml?channel_id=UCNsIPYdzsOI3UX9tpIp77CA,"""Life-Changing Crash, World-Class Positivity: The Grant Allen Story"" Ep1 Rideable Now Podcast",https://www.youtube.com/watch?v=br-zzob7bcE
aGameScout,https://www.youtube.com/feeds/videos.xml?channel_id=UCOKoxVSOXpz1aQhnGPnSSww,This Year's Tetris World Cup is Making History,https://www.youtube.com/watch?v=O4azjCYIgZ8
Swedish Zwift Riders,https://www.youtube.com/feeds/videos.xml?channel_id=UCORp8NpyBylGSytoJnvuOyQ,Dragning i MIDWEEK Autumn Series by SZR 2020-12-07,https://www.youtube.com/watch?v=FTDziFDkINU
Epic Economics,https://www.youtube.com/feeds/videos.xml?channel_id=UCOTgNyfQG4vVP5sCXrJaS4g,,
Anna Cramling,https://www.youtube.com/feeds/videos.xml?channel_id=UCOVfq3NNYjlYCz1iou69FwQ,How To Play The Queen's Gambit,https://www.youtube.com/watch?v=NTOPdpKMuUI
KAIROS,https://www.youtube.com/feeds/videos.xml?channel_id=UCP2Klbz_VJwBKQWbmhiMfcw,Mise au poing... 19 février,https://www.youtube.com/watch?v=Xzo-ziTNvcM
Dropout,https://www.youtube.com/feeds/videos.xml?channel_id=UCPDXXXJj9nax0fr0Wfc048g,Who Got Yelled at by a Real Housewife? | Dirty Laundry [Full Episode],https://www.youtube.com/watch?v=j49tapPncR4
Montreux Comedy,https://www.youtube.com/feeds/videos.xml?channel_id=UCPHJfLg1VeNBsfzzTszpmmQ,Le bonheur est dans le couple - Olivier de Benoist (Sketch complet),https://www.youtube.com/watch?v=vCPjgAGvzH4
Une chanson l'addition,https://www.youtube.com/feeds/videos.xml?channel_id=UCPpNtkHeCnwN7Tl5oLq4AAg,Dernier concert de Black Sabbath : quel héritage ? War Pigs !,https://www.youtube.com/watch?v=eDceSc7GF68
FrenchBall,https://www.youtube.com/feeds/videos.xml?channel_id=UCQ5nOq77BZoKN_sB2iZsJ6Q,LES ASTUCES #4 - VOS questions NOS réponses,https://www.youtube.com/watch?v=wWbaoe1cbz0
SKIA,https://www.youtube.com/feeds/videos.xml?channel_id=UCQEd436dMjreraZkXQNXgHg,SKIA - Hier (Official Audio),https://www.youtube.com/watch?v=dAJpjuEmr_s
Tour of California,https://www.youtube.com/feeds/videos.xml?channel_id=UCQS7pXp860aIyBkD0Sc1s_A,George Bennett | Off The Bike,https://www.youtube.com/watch?v=cp4-LGKUDmI
Chris Cramer,https://www.youtube.com/feeds/videos.xml?channel_id=UCQWne9DleuGu0q9TmA70jWQ,StatMolThermo 02.04 Law of Corresponding States,https://www.youtube.com/watch?v=jkOpiCpYc-w
Thinkerview,https://www.youtube.com/feeds/videos.xml?channel_id=UCQgWpmt02UtJkyO32HGUASQ,"Hacking, vie privée et Europe ? Bluetouff, Fabrice Epelboin et Brice Augras-ZaX [EN DIRECT]",https://www.youtube.com/watch?v=ZL-XxW8VTx8
Better Together Homestead,https://www.youtube.com/feeds/videos.xml?channel_id=UCQxhwo6vwoELncwHPU4-J4A,🔥 The Wind Changed… So We Started Clearing NOW,https://www.youtube.com/watch?v=xcFwzGX9Svk
Alexandre Astier,https://www.youtube.com/feeds/videos.xml?channel_id=UCQxrcLTZz4SfvA2Dxj5vV-w,Kaamelott – Deuxième Volet [partie 1] (bande-annonce),https://www.youtube.com/watch?v=Ztf4n0hDy7A
GameofThrones,https://www.youtube.com/feeds/videos.xml?channel_id=UCQzdMyuz0Lf4zo4uGcEujFw,Props Show & Tell | Scorpion Ballista | House of the Dragon S2 | HBO,https://www.youtube.com/watch?v=_Cq35Xia_bM
Real Engineering,https://www.youtube.com/feeds/videos.xml?channel_id=UCR1IuLEqb6UEA_zQ81kwXfg,Earth to Mars in 10 Days,https://www.youtube.com/watch?v=EVwlTsa9oMM
Répar'vélo,https://www.youtube.com/feeds/videos.xml?channel_id=UCRQKLOk5dmWI5HLXxpapXvg,elimination madison amateur vendredi 3 jours de genève 2015,https://www.youtube.com/watch?v=mO0Y9VzoW0Q
Simon Clark,https://www.youtube.com/feeds/videos.xml?channel_id=UCRRr_xrOm66qaigIbwFLvbQ,The genius point Trump made about climate change,https://www.youtube.com/watch?v=KnjaQU8069A
L.E.J,https://www.youtube.com/feeds/videos.xml?channel_id=UCRctnXfqPKaB4Ywp0y94ZDg,Bon… on le fait ce Summer 2025 ou pas ?,https://www.youtube.com/watch?v=St2CuaJINMg
Italian pastries,https://www.youtube.com/feeds/videos.xml?channel_id=UCRkqqF8IiXxTM6L3rdmtf4g,,
France tv sport,https://www.youtube.com/feeds/videos.xml?channel_id=UCRm-DLbhzojKd10edotYxMg,"Ligue des Champions : le PSG, étoile filante ou étoile montante ?",https://www.youtube.com/watch?v=Jqb2NHfFWX0
Mobile Badminton,https://www.youtube.com/feeds/videos.xml?channel_id=UCRnWOIb_jHW49HrItq_NPrQ,Shi Yuqi vs Li Shi Feng: STUNNING Battle! 🤩🔥🤯 All England 2025,https://www.youtube.com/watch?v=f3bQDV2FwFk
Ben Eater,https://www.youtube.com/feeds/videos.xml?channel_id=UCS0N5baNlQWJCUrhCEo8WlA,Sound synth with a 6502,https://www.youtube.com/watch?v=jJi5EAWgyEM
En Passant Pécho,https://www.youtube.com/feeds/videos.xml?channel_id=UCSKLdgBrIcnyExFH-UTNjcg,En Passant Pécho : Le trailer,https://www.youtube.com/watch?v=a3VCqZEnZvA
Récite-moi La Fontaine,https://www.youtube.com/feeds/videos.xml?channel_id=UCSNyUU_ca-LopOyimvf3doQ,L'Ingratitude et l'Injustice des Hommes envers la Fortune avec Metin Arditi et Fiami,https://www.youtube.com/watch?v=UC6f08-ug2o
Hauteurs UGA,https://www.youtube.com/feeds/videos.xml?channel_id=UCSOAMLQ7vgAG5TQjidnn9Zg,Les troisièmes rencontres RSE : “Le bâtiment au cœur des transitions”,https://www.youtube.com/watch?v=LyO4lwRZW0Y
Monsieur Bidouille,https://www.youtube.com/feeds/videos.xml?channel_id=UCSULDz1yaHLVQWHpm4g_GHA,Le délicat problème des vieux ponts ferroviaires 🚄 - Monsieur Bidouille,https://www.youtube.com/watch?v=AMzaRhpaqNU
日本の選手のまとめ 2,https://www.youtube.com/feeds/videos.xml?channel_id=UCSWl0pSQTV7g72nLUT1iPTg,9月22日 大谷翔平 LIVE エンゼルス vs レンジャーズ LIVE | 大谷翔平 ライブ【MLB 2022】大谷翔平「３番・ＤＨ」でスタメン　ジャッジとのＭＶＰ争いはし烈…９戦ぶり３５号なるか,https://www.youtube.com/watch?v=cvPDkZPSSWU
rforce8official,https://www.youtube.com/feeds/videos.xml?channel_id=UCTMXiy7Zmp1Gvm03CuXrjlA,Mat Rebeaud - RFORCE8,https://www.youtube.com/watch?v=61YnbIATlcA
CEKELENÔ,https://www.youtube.com/feeds/videos.xml?channel_id=UCTW9NOPsDoKKq5cNp89GWsA,🎥 Récap | Micro-trottoirs à la rencontre de la population genevoise | CEKELENÔ,https://www.youtube.com/watch?v=YZmltknH6XY
acapellascience,https://www.youtube.com/feeds/videos.xml?channel_id=UCTev4RNBiu6lqtx8z1e87fQ,kpop demon hunters but make it fungus,https://www.youtube.com/watch?v=EsxYrC_dwVk
victorwooten,https://www.youtube.com/feeds/videos.xml?channel_id=UCTjMcGs-wXs8fYiV6LIWqjQ,Celebrating 100 Years of Black History Month- Video #2,https://www.youtube.com/watch?v=IRJ6uEr1hE0
Olympics,https://www.youtube.com/feeds/videos.xml?channel_id=UCTl3QQTvqHFjurroKxexy2Q,"World Mental Health Day roundtable: ""Let's continue to find the answers""",https://www.youtube.com/watch?v=b4dKsxBfBzM
minutephysics,https://www.youtube.com/feeds/videos.xml?channel_id=UCUHW94eEFW7hkUMVaZz4eDg,Is Quantum Mechanics Stopping Aliens From Contacting Us?,https://www.youtube.com/watch?v=lZGyjR6Y9vw
The Slow Mo Guys,https://www.youtube.com/feeds/videos.xml?channel_id=UCUK0HBIBWgM2c4vsPhkYY4w,"When 50,000 volts go through a wire at 5,000,000 FPS - The Slow Mo Guys",https://www.youtube.com/watch?v=BTkZ36g4GOs
Hammer Series,https://www.youtube.com/feeds/videos.xml?channel_id=UCUQ742tl9nmxPuXi-Ke0Qrg,Remco Evenepoel looks back at Hammer Limburg 2019,https://www.youtube.com/watch?v=8EYkow9OCpk
Turkuaz Kitchen,https://www.youtube.com/feeds/videos.xml?channel_id=UCUYiOr24r02GuIFMEjYyuOw,Ramadan Recipes (Turkish Pide/Ramadan Pidesi & Feta Börek with Tomato Salad),https://www.youtube.com/watch?v=j4MmbezFs0k
The Great War,https://www.youtube.com/feeds/videos.xml?channel_id=UCUcyEsEjhPEDf69RRVhRh4A,Why Did The First World War Break Out? (Full Documentary),https://www.youtube.com/watch?v=Mu9d51wPkaQ
Mads Eliassen,https://www.youtube.com/feeds/videos.xml?channel_id=UCUiP-QSyU2ow4pYsgToYYcw,,
Comedy Central,https://www.youtube.com/feeds/videos.xml?channel_id=UCUsN5ZwHx2kILm84-jPDeXw,Previously On Beavis and Butt-Head,https://www.youtube.com/watch?v=s3ldXvYGD7Q
KATUSHA Media,https://www.youtube.com/feeds/videos.xml?channel_id=UCUtKgBcqduOxgZRog9KDvzg,ICON BIB SHORTS | REDEFINED,https://www.youtube.com/watch?v=7uHXT3-G2EY
We Made A Thing Studios,https://www.youtube.com/feeds/videos.xml?channel_id=UCUzEzP63xBxsmsh8UPryKOQ,,
Wide World of Sports,https://www.youtube.com/feeds/videos.xml?channel_id=UCV5HXUHFR-yuSb7qDJ5_80g,Makybe Diva wins her first Melbourne Cup: 2003 Melbourne Cup Full Race Replay | Wide World of Sports,https://www.youtube.com/watch?v=TgLNqadBrnA
GreenEDGE Cycling,https://www.youtube.com/feeds/videos.xml?channel_id=UCV9vvIQ8gxceqrBkn-P7rlw,🇪🇸 EPISODE 2 - Behind the scenes at La Vuelta a España with Team Jayco AlUla - Week 3 Wrap,https://www.youtube.com/watch?v=4TZ7vAYXlAE
Waxx,https://www.youtube.com/feeds/videos.xml?channel_id=UCVBXlR7YhYUr-DfNG1XLrHA,"Fanzine : Iliona reprend Miley Cyrus, Mk.gee et un de ses titres avec Waxx & C.Cole",https://www.youtube.com/watch?v=0hji8DEDR78
Elliot Moss,https://www.youtube.com/feeds/videos.xml?channel_id=UCVDfO8dshPSNDw0ugpblZ_Q,Elliot Moss – Slip (Minimal) [Official Visualizer],https://www.youtube.com/watch?v=Qu1N44XCTrA
Peter SagFan ch-02,https://www.youtube.com/feeds/videos.xml?channel_id=UCVnrQQyiGimqn4gXfSclkBA,Peter Sagan - Radiocorsa 13/04/2017 - Italian,https://www.youtube.com/watch?v=jIfUaIwlaPk
La Ferme Jerome,https://www.youtube.com/feeds/videos.xml?channel_id=UCW2vbCj31ktnvM4vANi-TNQ,JEROME AU SKI,https://www.youtube.com/watch?v=cUXrpWbSPQU
Passe-moi les jumelles,https://www.youtube.com/feeds/videos.xml?channel_id=UCW3--jh4FUnSxw-gofzKnqg,"Wendy, une vie dédiée à sauver les animaux maltraités",https://www.youtube.com/watch?v=9xCaGfdj0nM
LRCP Clips,https://www.youtube.com/feeds/videos.xml?channel_id=UCW6tLX-01i2pvo9kQqjgTjA,Remco Evenepoel on his Future with Soudal-Quickstep,https://www.youtube.com/watch?v=gfSzXrSJC4U
Boho Beautiful Yoga,https://www.youtube.com/feeds/videos.xml?channel_id=UCWN2FPlvg9r-LnUyepH9IaQ,30 Min Feel Good Yoga | Full Body Flow To Release Tension & Build Strength + Flexibility,https://www.youtube.com/watch?v=wl-AjYw7Nx4
Scott's Bass Lessons,https://www.youtube.com/feeds/videos.xml?channel_id=UCWTj3vCqkQIsrTGSm4kM34g,Have Fender Lost Their Minds?!,https://www.youtube.com/watch?v=aTt3vZUc1DY
Kaffeemacher,https://www.youtube.com/feeds/videos.xml?channel_id=UCWftIqesWS2AQBDhpTg8CTg,Finale Deutsche Baristameisterschaft mit Felix Hohlmann - Livestream der @SCAGermany,https://www.youtube.com/watch?v=HG9Qrk83k74
Flash Racket,https://www.youtube.com/feeds/videos.xml?channel_id=UCWpdAeeB2fc38TeQt29ghMw,17th YEARS OLD GIANT KILLER ! AN SE YOUNG KOREAN WOMEN SINGLE (Badminton Skill & Highlight 2019),https://www.youtube.com/watch?v=DJl6ZKTMVaY
bref.,https://www.youtube.com/feeds/videos.xml?channel_id=UCWxt-Sphj4wcAoaIfhsALRg,01 - Bref. J'ai dragué cette fille.,https://www.youtube.com/watch?v=UO8tcf3U0dY
CATAN,https://www.youtube.com/feeds/videos.xml?channel_id=UCX6UdL_rHGunjKD7Jfa2mww,"CATAN - Connect World Record 2025, Recap Video",https://www.youtube.com/watch?v=cdx0v2SXX_U
CyclingHub Requiem,https://www.youtube.com/feeds/videos.xml?channel_id=UCXBK8BVydkB9Agdlb1l4QWA,,
PEDAL to the METAL,https://www.youtube.com/feeds/videos.xml?channel_id=UCXFE8MgP2Tv_4x5pJj4KTUw,UAE Tour Women2023 Stage 4 Final Fatima Bint Mubarak Ladies Sports AcademyAbu Dhabi Breakwater 119km,https://www.youtube.com/watch?v=MMKIaO34kgA
Les Inconnus,https://www.youtube.com/feeds/videos.xml?channel_id=UCXY5L6p4n3COUBqaTJY-2tQ,Les Inconnus ont caricaturé toute la France et on adore ! [HD],https://www.youtube.com/watch?v=X-8A6UIUu6E
Rapha Films,https://www.youtube.com/feeds/videos.xml?channel_id=UCXYXxfVjxMppZY64-5baOsw,"Grimpeur – Episode 01 | Richie Porte, Willunga",https://www.youtube.com/watch?v=mgW6uvu9M1k
Shuttle Life,https://www.youtube.com/feeds/videos.xml?channel_id=UCXYpDcoYJk8CTGLUscj2Tgg,,
Sailing Uma,https://www.youtube.com/feeds/videos.xml?channel_id=UCXbWsGV_cjG3gOsSnNJPVlg,This Is the Last Line of Defense Before Our Boat Sinks | Step 475,https://www.youtube.com/watch?v=urXqOnBKvGo
Les Indécis,https://www.youtube.com/feeds/videos.xml?channel_id=UCXfp5IKQSutQvPlrDRKo9xg,Débarquez-moi à Berrwiller,https://www.youtube.com/watch?v=nDlnFwAs7u0
inCycle,https://www.youtube.com/feeds/videos.xml?channel_id=UCXgba6tOLghtJuXaD8LBHWg,Il Lombardia 2021 | Highlights | inCycle,https://www.youtube.com/watch?v=DacWVgdBV0k
Marc Rebillet,https://www.youtube.com/feeds/videos.xml?channel_id=UCXgxNzAgZ1GExhTW4X1mUrg,PLACES I’VE NEVER PLAYED AND WILL NEVER PLAY AGAIN,https://www.youtube.com/watch?v=mTLJy2NIlSs
Rouleur,https://www.youtube.com/feeds/videos.xml?channel_id=UCXofqIc2nrhFeS9BKGvqorA,Rouleur Live 2025,https://www.youtube.com/watch?v=2HzZfD2xMTQ
Arthur Longo,https://www.youtube.com/feeds/videos.xml?channel_id=UCXu0-BT7f-Qx2T1B43ozpmw,Arthur Longo Chamonix January 25,https://www.youtube.com/watch?v=W0_in6bitWg
Kaamelott,https://www.youtube.com/feeds/videos.xml?channel_id=UCXzt21wguxoJGo7TFBXNRgw,Ferghus (Alban Lenoir) - Compilation | Kaamelott,https://www.youtube.com/watch?v=bVPFs3C-OVQ
Mark Rober,https://www.youtube.com/feeds/videos.xml?channel_id=UCY1kMZp36IQSyNx_9h4mpCg,Can You Safely Drink Your Own Pee?,https://www.youtube.com/watch?v=KRhofr57Na8
Luescher Teknik,https://www.youtube.com/feeds/videos.xml?channel_id=UCY9JUMYI54lLOHpb_zbIedQ,Luescher Teknik is live,https://www.youtube.com/watch?v=axtv8PdQFX8
Jelle's Marble Runs,https://www.youtube.com/feeds/videos.xml?channel_id=UCYJdpnjuSWVOLgGT9fIzL0g,🛠️ Iron Marble Event 7 🛠️ | Jelle’s Marble Runs,https://www.youtube.com/watch?v=K_hA2fKFENc
Georgia Productions,https://www.youtube.com/feeds/videos.xml?channel_id=UCYLqIgYnlbmZHH9_oacn5Ng,Thank you & Goodbye,https://www.youtube.com/watch?v=nFg0aCySuok
3Blue1Brown,https://www.youtube.com/feeds/videos.xml?channel_id=UCYO_jab_esuFRV4b17AJtAw,What was Euclid really doing? | Guest video by Ben Syversen,https://www.youtube.com/watch?v=M-MgQC6z3VU
Extinction Rebellion (XR) UK,https://www.youtube.com/feeds/videos.xml?channel_id=UCYThdLKE6TDwBJh-qDC6ICA,"Tipping points, conservative models and will climate shocks cause people to rise up? | NFAWIF | XRUK",https://www.youtube.com/watch?v=RhS7hOZRjtc
Evolution Factory,https://www.youtube.com/feeds/videos.xml?channel_id=UCYcE42m1naU2-oZEkL0bABA,Faut-il suivre son INTUITION si on veut être RATIONNEL ?,https://www.youtube.com/watch?v=YViW_VPelnY
Economics Explained,https://www.youtube.com/feeds/videos.xml?channel_id=UCZ4AMrDcNrfy3X6nsU8-rPg,Finland's Happy Little Economic Crisis,https://www.youtube.com/watch?v=Nb9uJD-XDVQ
Studio Bagel,https://www.youtube.com/feeds/videos.xml?channel_id=UCZ8kV8vuMdDLSerCIFfWnFQ,,
Daryl Impey,https://www.youtube.com/feeds/videos.xml?channel_id=UCZbkp48oqoH_Ar7YjQIq0QA,Crankly Speaking podcast is live - Head over now!,https://www.youtube.com/watch?v=GhpdDC3OECY
Sailing La Vagabonde,https://www.youtube.com/feeds/videos.xml?channel_id=UCZdQjaSoLjIzFnWsDQOv4ww,We Found the Perfect Dive Boat… in the Most Protected Ocean on Earth!,https://www.youtube.com/watch?v=DvroPU6GNco
FABER,https://www.youtube.com/feeds/videos.xml?channel_id=UCZmMQrt1cIU6YQpypm7aclw,Faber - Addio Roma (Official Live Video),https://www.youtube.com/watch?v=4G8ncRpYGcs
Le Vortex - ARTE,https://www.youtube.com/feeds/videos.xml?channel_id=UCZxLew-WXWm5dhRZBgEFl-Q,Avons-nous vraiment besoin de journalistes ?  @ThomasGauthier I ARTE,https://www.youtube.com/watch?v=ucj_4JA_Xgo
PommeMusic,https://www.youtube.com/feeds/videos.xml?channel_id=UCZy0-5YHgLpzgT-biGtJgJg,Pomme - des excuses (lyrics video officielle),https://www.youtube.com/watch?v=zySedcICZ8Y
Thomas Wiesel,https://www.youtube.com/feeds/videos.xml?channel_id=UC_ADNHNPnvlQNUZlB3bGCTw,Pourquoi je vais voter non à la baisse de la redevance,https://www.youtube.com/watch?v=30k_M1awz0U
Adam Hansen,https://www.youtube.com/feeds/videos.xml?channel_id=UC_F30mWs8hNbnL0rMpLfbIg,Tour de France - Stage 17 - Col de la loze - Downhill,https://www.youtube.com/watch?v=e35iJ48GP0s
Jonas Neubauer,https://www.youtube.com/feeds/videos.xml?channel_id=UC_K6HcnEF2EtCi6T8ThwBDQ,You Always Remember Your First: Fall Guys Edition,https://www.youtube.com/watch?v=TOEqNUyAmUI
CyclingHub,https://www.youtube.com/feeds/videos.xml?channel_id=UC_LNSZg_ktW3WMs1e6YaYww,,
Daft Punk,https://www.youtube.com/feeds/videos.xml?channel_id=UC_kRDKYrUlrbtrSiyu5Tflg,Daft Punk - Human After All (Official Music Video),https://www.youtube.com/watch?v=UsXubuXq1lM
Jackson &amp; Shammi Vlogs,https://www.youtube.com/feeds/videos.xml?channel_id=UC_xObjliOqUElWvexIP1n-A,WE BROKE INTO A PRIVATE POOL!!,https://www.youtube.com/watch?v=ihf_An65cfo
NEVER TOO SMALL,https://www.youtube.com/feeds/videos.xml?channel_id=UC_zQ777U6YTyatP3P1wi3xw,8 Inspiring Small Italian Homes Under 60sqm/645sqft,https://www.youtube.com/watch?v=Onu6r93LVVs
Sports Store,https://www.youtube.com/feeds/videos.xml?channel_id=UC_zRzj3nQkRTaAp4ZslWoiA,MYXGAMES2013 Live Stream,https://www.youtube.com/watch?v=1dIMf58fhOg
Pro Cycling Video Database - By CyclingHub.TV,https://www.youtube.com/feeds/videos.xml?channel_id=UCa3Js9S8k7H35XflxYTuqhQ,Vuelta Ciclista al Pais Vasco 2016 - Stage 2 - HD FULL BROADCAST,https://www.youtube.com/watch?v=rBWZVZSo4r0
The West Report,https://www.youtube.com/feeds/videos.xml?channel_id=UCa3kU1spOTWHDmCxterTqIg,The Big Four and the Death of Reform | The West Report,https://www.youtube.com/watch?v=BYpf-GH6QUo
SoulPancake,https://www.youtube.com/feeds/videos.xml?channel_id=UCaDVcGDMkvcRb4qGARkWlyg,Co-Founder Rainn Wilson Takes us on the Final SoulPancake Journey,https://www.youtube.com/watch?v=a6ZZT2_ggTA
Mr. machine,https://www.youtube.com/feeds/videos.xml?channel_id=UCaL0tLVGued9B-XFu5YtrEQ,"Basketball VS Soccer ball/Football，Who survive under 10 tons hydraulic press?Global Test,Data Reveal",https://www.youtube.com/watch?v=P-k0sjaxjXA
ScienceEtonnante,https://www.youtube.com/feeds/videos.xml?channel_id=UCaNlbnghtwlsGF-KzAFThqA,"Fronde gravitationnelle, Singularités et Points de Lagrange",https://www.youtube.com/watch?v=xNuHtbrKwBY
INEOS Grenadiers,https://www.youtube.com/feeds/videos.xml?channel_id=UCaXxanOHeArdOMmhNaXE67Q,Geraint Thomas' Cycling Journey  | Career Highlights | INEOS Grenadiers,https://www.youtube.com/watch?v=yOY4x0v8aPk
Sci+,https://www.youtube.com/feeds/videos.xml?channel_id=UCaZRpfXzlHVchIJMpf-PVFw,Être ivre sans alcool : le syndrôme d'auto-brasserie enfin compris,https://www.youtube.com/watch?v=oO3aOlO0MR8
Lucas Brunelle,https://www.youtube.com/feeds/videos.xml?channel_id=UCac47R7xtH76eRZQBJbZscQ,Solar eBike Mexico Tour - Day 9 of 12,https://www.youtube.com/watch?v=Y19k0MNsv4w
Cyrus North,https://www.youtube.com/feeds/videos.xml?channel_id=UCah8C0gmLkdtvsy0b2jrjrw,L'Expérience qui a trompé tout le monde,https://www.youtube.com/watch?v=zOFEBFeXOIA
Soudal Quick-Step Pro Cycling Team,https://www.youtube.com/feeds/videos.xml?channel_id=UCaq9glaC5kI626cMCBAwc3Q,Laurenz Rex: “I want to help the team be a dominant force again in the Classics”,https://www.youtube.com/watch?v=5cey58n3Hsw
Max Fosh,https://www.youtube.com/feeds/videos.xml?channel_id=UCb31gOY6OD8ES0zP8M0GhAw,I Broke Silly European Laws In Front Of Police,https://www.youtube.com/watch?v=r_AO471tHZo
Ivanhe MARTIN,https://www.youtube.com/feeds/videos.xml?channel_id=UCbRIixPDz6R9wt_gZAgruAQ,Quand le Mandalorien rencontre le Rock !,https://www.youtube.com/watch?v=6y7yuD4Mfyw
Total Synthesis,https://www.youtube.com/feeds/videos.xml?channel_id=UCbT-5vQ6alxQVgy8My059OQ,Chemists made N6. How energetic is it? | Hexanitrogen,https://www.youtube.com/watch?v=r23G4cMQr3Y
Shane Miller - GPLama,https://www.youtube.com/feeds/videos.xml?channel_id=UCbcwZ8hm18GK6on_S_CgmFA,GARMIN Varia RearVUE 820 Radar UPDATE // Garmin Patches Critical Issues,https://www.youtube.com/watch?v=yTcAKA13QIU
Magnus Carlsen,https://www.youtube.com/feeds/videos.xml?channel_id=UCbdcpQ5uPPymv7Ea0nnFfOw,I Just Became World Champion Again,https://www.youtube.com/watch?v=UrGB3Ey0kgo
Two Minute Papers,https://www.youtube.com/feeds/videos.xml?channel_id=UCbfYPyITQ-7l4upoX8nvctg,Adobe & NVIDIA’s New Tech Shouldn’t Be Real Time. But It Is.,https://www.youtube.com/watch?v=j-B8ymGWlIE
StaelTelevision,https://www.youtube.com/feeds/videos.xml?channel_id=UCbzmy4fq_dbrM-uQ5Pdr1kQ,JDF 2022 - Défi Forge,https://www.youtube.com/watch?v=FQvQQ794Tuw
ludovik,https://www.youtube.com/feeds/videos.xml?channel_id=UCc-4HSPd7yMcK1Y5XkVVwGQ,AIDEZ-MOI À DÉMANTELER UN CARTEL (VIDÉO INTERACTIVE),https://www.youtube.com/watch?v=DnPyevmKmME
Super Flux,https://www.youtube.com/feeds/videos.xml?channel_id=UCc9E74Lnab6thrFB5Bbl22Q,,
Life in the Peloton,https://www.youtube.com/feeds/videos.xml?channel_id=UCc9MvDZ_Aw-Y92gBrd8_DAA,What's Going On With Remco Evenepoel? | The Race Communiqué,https://www.youtube.com/watch?v=KCI4Vs5r7PI
Project Kamp,https://www.youtube.com/feeds/videos.xml?channel_id=UCcGXEidw0qjNdq7Gii8gHgg,#168 Special Winter Update,https://www.youtube.com/watch?v=xuWCOxgQWhQ
thekloons2,https://www.youtube.com/feeds/videos.xml?channel_id=UCcIFgAGp6-RxF_WHFg527Yw,Why am I sad?,https://www.youtube.com/watch?v=ElNDsT57kpw
Pongfinity,https://www.youtube.com/feeds/videos.xml?channel_id=UCcILXXthGExGeKAQLAIUaFQ,How Good Is a World Rank 17 Player Actually?,https://www.youtube.com/watch?v=zIV4IY3VI1M
Vincent Veillon,https://www.youtube.com/feeds/videos.xml?channel_id=UCcTgtuWAIn3K-DY9a8lu98w,DERNIERE MEILLEURE CHANSON DE TOUS LES TEMPS,https://www.youtube.com/watch?v=egf9n1pJ2u0
Les Recettes Pompettes,https://www.youtube.com/feeds/videos.xml?channel_id=UCc_zXXkAcczSjR3U6zHlc-Q,,
e-penser 2.0,https://www.youtube.com/feeds/videos.xml?channel_id=UCcziTK2NKeWtWQ6kB5tmQ8Q,Isaac Newton : le plus grand (tout simplement),https://www.youtube.com/watch?v=l9jsQ3vlEnY
Bloqués,https://www.youtube.com/feeds/videos.xml?channel_id=UCd0V9SfenWqlPsTt5-AyN8A,Serge le Mytho #15 – Prehistoric Park,https://www.youtube.com/watch?v=Kd2uG5AuNnw
Le hangar de Sklang,https://www.youtube.com/feeds/videos.xml?channel_id=UCd6iQyhOcUrWR6DrRoMzeQg,Le S.V.A.F,https://www.youtube.com/watch?v=k1jFghZfL1Q
CyclingHub TV,https://www.youtube.com/feeds/videos.xml?channel_id=UCdDme75qk9VYXoognIMu5ow,,
Michael Matthews,https://www.youtube.com/feeds/videos.xml?channel_id=UCdM6496KIMaCGxWE6b9aTnA,Training Camp of a Pro Cyclist - Michael Matthews,https://www.youtube.com/watch?v=uo3qZbK2MOA
STORROR,https://www.youtube.com/feeds/videos.xml?channel_id=UCdPui8EYr_sX6q1xNXCRPXg,How do we get back?,https://www.youtube.com/watch?v=WSF_9VMudU4
Tataki,https://www.youtube.com/feeds/videos.xml?channel_id=UCde0cBJrjHbmUio1ZU4LijQ,J’ai passé 72 heures dans le monde du vaudou - Immersion,https://www.youtube.com/watch?v=YTFQWkDgI3U
ITZsharky,https://www.youtube.com/feeds/videos.xml?channel_id=UCdhaDYvxaCpxknEbx7zHHDg,I JUST TIED A WORLD RECORD!,https://www.youtube.com/watch?v=DFsxdxURFBU
Giro d'Italia,https://www.youtube.com/feeds/videos.xml?channel_id=UCe10BxbsFg9Kbmkg-ean_Dg,Giro d'Italia 2026 | Città in Rosa,https://www.youtube.com/watch?v=NID837BrBy4
Jean-Luc Benoist,https://www.youtube.com/feeds/videos.xml?channel_id=UCe1IvjmwAx2HuotNHTGPcMQ,Arrosoir en forme de bouteille.,https://www.youtube.com/watch?v=G64PPUysS8k
Ozzy Man Reviews,https://www.youtube.com/feeds/videos.xml?channel_id=UCeE3lj6pLX_gCd0Yvns517Q,"""Sword. Board. Fire. It's Perfect!"" - Destination P'd (Vol. 16)",https://www.youtube.com/watch?v=RR_AmFO3Fyg
CyclingHub14,https://www.youtube.com/feeds/videos.xml?channel_id=UCeKXyKL4NFBGLoKvI_JuScg,,
Cycling 2,https://www.youtube.com/feeds/videos.xml?channel_id=UCeLG_Y8XMTsuTi3253FY-JQ,,
Zwift,https://www.youtube.com/feeds/videos.xml?channel_id=UCeOCqLG5Wy65aiENWfuFzUQ,,
Scilabus,https://www.youtube.com/feeds/videos.xml?channel_id=UCeR8BYZS7IHYjk_9Mh5JgkA,Notre corps n'est pas compatible avec l'apesanteur,https://www.youtube.com/watch?v=iG6BQ6_kaEg
James Veitch,https://www.youtube.com/feeds/videos.xml?channel_id=UCeVBDgameAI0Qhf7leaPhYw,How to Successfully Appeal your Parking Ticket,https://www.youtube.com/watch?v=h2Y3sOqD0BQ
Katie Melua,https://www.youtube.com/feeds/videos.xml?channel_id=UCeZI3rELje_CcLaZmXnsrwg,Katie Melua & Martynas Levickis - Wonderful Life (Vilnius Session),https://www.youtube.com/watch?v=PAPuEThovp0
CyclingHub15 - Spring,https://www.youtube.com/feeds/videos.xml?channel_id=UCegI-yfHrXdkAdIkDWGNRqw,,
Race Line,https://www.youtube.com/feeds/videos.xml?channel_id=UCehkRXEL3MWtLphJ38Qtb4A,Revolution Series | Jason Kenny Twitter quiz,https://www.youtube.com/watch?v=UxLl-gVMAzM
MinuteEarth,https://www.youtube.com/feeds/videos.xml?channel_id=UCeiYXex_fwgYDonaTcSIk6w,When Does It Make Sense To Kill Your Sibling?,https://www.youtube.com/watch?v=MesjS-_4VQI
The Duracell Project,https://www.youtube.com/feeds/videos.xml?channel_id=UCf-P7fZEGvHKsket8XYkeXQ,Systems Room TRANSFORMED + Exciting Installation! [Ep. 191],https://www.youtube.com/watch?v=jfxsML_wPfk
CyclingHub15 - Summer,https://www.youtube.com/feeds/videos.xml?channel_id=UCf5_QcFIBZHiI2ADt9kTlxQ,,
Ligue Nationale de Cyclisme,https://www.youtube.com/feeds/videos.xml?channel_id=UCf7DdLToxZOfhxuBXeBMObQ,Coupe de France FDJ : L'intégrale du Tour de Vendée 2025,https://www.youtube.com/watch?v=Z4wADqEDV4o
How To Make Everything,https://www.youtube.com/feeds/videos.xml?channel_id=UCfIqCzQJXvYj9ssCoHq327g,The BEST and WORST Mistakes I've Made,https://www.youtube.com/watch?v=7aWS6fJ00Bg
GCN auf Deutsch,https://www.youtube.com/feeds/videos.xml?channel_id=UCfbh0PFhRSgOh45127kHo8Q,Warum ein niedriger Luftdruck dich schneller macht!,https://www.youtube.com/watch?v=G9bBtaNSyKg
James Webb Space Telescope (JWST),https://www.youtube.com/feeds/videos.xml?channel_id=UCfi4_aCc2nEhtUMSGqaim_Q,Zoom to Pismis 24,https://www.youtube.com/watch?v=goWpAouKZDk
Rosa Bursztein,https://www.youtube.com/feeds/videos.xml?channel_id=UCfiEeRJa-jbg_8SVqxtMifg,,
CinDay Sport Highlights,https://www.youtube.com/feeds/videos.xml?channel_id=UCfm33j6sb0f9oqt9xRTUc3A,,
Paddy &amp; Scott's,https://www.youtube.com/feeds/videos.xml?channel_id=UCfo11SnF790zy3SV_pD9qCQ,A Very Paddy & Scott’s Christmas | Secret Santa Special,https://www.youtube.com/watch?v=AhkJ32U62Pg
Outdoor Boys,https://www.youtube.com/feeds/videos.xml?channel_id=UCfpCQ89W9wjkHc8J_6eTbBg,Building an Off Grid Forge on My Alaskan Homestead,https://www.youtube.com/watch?v=ZRIBNLUXbZo
MoveU,https://www.youtube.com/feeds/videos.xml?channel_id=UCfqzZR7tG1GufD-D7EofBaQ,MRI Says Surgery but Should You?,https://www.youtube.com/watch?v=GdQZR4khWM8
Cycling Planet,https://www.youtube.com/feeds/videos.xml?channel_id=UCftF1dPzyorg2YMlUg71HDA,,
WIRED,https://www.youtube.com/feeds/videos.xml?channel_id=UCftwRNsjfRo08xYE31tkiyw,Fighting Legends Answer the 50 Most Googled UFC Questions | WIRED,https://www.youtube.com/watch?v=qb1yQO_tN7A
Jo&amp;Léo,https://www.youtube.com/feeds/videos.xml?channel_id=UCfuxWEFtTOldlDl1uHGRZZg,- Jo&Léo - Découverte de Melbourne #5,https://www.youtube.com/watch?v=ksrJKDlD8dQ
Ocean Conservation Namibia,https://www.youtube.com/feeds/videos.xml?channel_id=UCg8VTeeN4BglqmI1_CBlABg,Trawling Industry’s Hidden Toll on Our Seals,https://www.youtube.com/watch?v=-j6cYivsrgY
Cycling HD,https://www.youtube.com/feeds/videos.xml?channel_id=UCg8h9ADpsKiyh0bU7xAmRWQ,,
Institute of Human Anatomy,https://www.youtube.com/feeds/videos.xml?channel_id=UCgBg0aacyJnw4qUnb1FlfEQ,"Why Your Training Shake is Feeding Your Liver, Not Your Gains",https://www.youtube.com/watch?v=wdufIZuogOE
Viaceslav Svedov,https://www.youtube.com/feeds/videos.xml?channel_id=UCgCIM3TsDAA5K48X-q7t-pg,"""Moroz"" Taiga Song (Roscoe Bass LG Custom)",https://www.youtube.com/watch?v=dDreI7D3lno
cyclingnewstv,https://www.youtube.com/feeds/videos.xml?channel_id=UCgy3VdQYAYm33C57aFUfkiQ,,
The Press Room,https://www.youtube.com/feeds/videos.xml?channel_id=UChBykIYhrG3s9jF8f5OzyFA,,
Kemar,https://www.youtube.com/feeds/videos.xml?channel_id=UChKMRHxLETrj_5JjiqExD1w,Ils détruisent la TV et les influenceurs en plan semi-séquencé,https://www.youtube.com/watch?v=JyUPWaIdnCM
BWF TV,https://www.youtube.com/feeds/videos.xml?channel_id=UChh-akEbUM8_6ghGVnJd6cQ,SUWON VICTOR Korea Open 2025 | Top Smashes of the Week,https://www.youtube.com/watch?v=ey3M6J5EoYQ
Badminton Asia,https://www.youtube.com/feeds/videos.xml?channel_id=UChvyUxDGlpNMGNtPJf4HJVg,,
Communication Coach Alexander Lyon,https://www.youtube.com/feeds/videos.xml?channel_id=UCie09bMB6ITYmpU3z6vv2tw,How to Use McKinsey's SCR Communication Framework,https://www.youtube.com/watch?v=TBGF33plj8Q
Stuff Made Here,https://www.youtube.com/feeds/videos.xml?channel_id=UCj1VqrHhDte54oLgPG4xpuQ,Why is this task so difficult for machines?,https://www.youtube.com/watch?v=vJ43DjwLPGA
Un Peu Pointu,https://www.youtube.com/feeds/videos.xml?channel_id=UCj2sb4hak2L_UpW-1AQ6Qhw,SCIENCELOOP c'est parti !,https://www.youtube.com/watch?v=xZAsDagYc9k
Chris Luno,https://www.youtube.com/feeds/videos.xml?channel_id=UCjNpCOBtNDyk7kcs-wrX_dg,berlin deep house mix,https://www.youtube.com/watch?v=Jq8Ld58_rGo
Alexandre Kominek,https://www.youtube.com/feeds/videos.xml?channel_id=UCjRKLT45Mkn48NV_0AQqBXQ,MillionR - CONFI(F)NEMENT,https://www.youtube.com/watch?v=ZsFC5g53Dc8
Third String Kicker,https://www.youtube.com/feeds/videos.xml?channel_id=UCj_--_N-t1UpPOWEn-gzWSQ,The Trump Pee Tape: Episode 4,https://www.youtube.com/watch?v=nykZDUJDUbQ
Geraint Thomas,https://www.youtube.com/feeds/videos.xml?channel_id=UCjvv0ciZyPnVsdWzoZLDDJA,,
Badminton Insight,https://www.youtube.com/feeds/videos.xml?channel_id=UCk2gRC4RewYvvXXqXZxaTbQ,8 Minute Badminton-Specific Warm Up (Follow Along),https://www.youtube.com/watch?v=OrvAMerIaug
Yonex,https://www.youtube.com/feeds/videos.xml?channel_id=UCkCLForOJZvbbHOgyOybtDQ,Built for the big points | Tennis Balls x #TeamYonex | MADE BY YONEX,https://www.youtube.com/watch?v=7YjA7FhDG58
Hanging Pawns,https://www.youtube.com/feeds/videos.xml?channel_id=UCkJdvwRC-oGPhRHW_XPNokg,"Ruy Lopez, Bird Variation · Complete Chess Openings",https://www.youtube.com/watch?v=MAicv3f4CkI
Victor Ammann,https://www.youtube.com/feeds/videos.xml?channel_id=UCkKBE6Emht3b-IeZSDZP2vA,🦇 Ils lisent le climat dans 10'000 ans de guano de chauves-souris !,https://www.youtube.com/watch?v=B9AQvQswuYs
Yoann Provenzano,https://www.youtube.com/feeds/videos.xml?channel_id=UCksPTOoysgvhFoS_ncOMFOg,Giuseppe Frangola - Donne feat. Gaspard Sommer,https://www.youtube.com/watch?v=3dYkglrerB0
ViktorAxelsen,https://www.youtube.com/feeds/videos.xml?channel_id=UCkuVto4oGsgdEisvXlUaHvg,Master the Pro Backhand in 2 Minutes 🔥,https://www.youtube.com/watch?v=-2ikF73VJsM
CyclingVids,https://www.youtube.com/feeds/videos.xml?channel_id=UCl92NodlwKSVnGxEYYP3qGw,,
This Is Badminton,https://www.youtube.com/feeds/videos.xml?channel_id=UClI-JpgrN96sKFwHN6pNzrg,What Do These Penalty Cards Mean in Badminton?,https://www.youtube.com/watch?v=LSXfrIy2RJg
EPFL,https://www.youtube.com/feeds/videos.xml?channel_id=UClMJeVIVyGp-3_kWtspkS0Q,Ed Winters - The hidden costs of our food choices,https://www.youtube.com/watch?v=871lfuftb50
TRINITY RACING,https://www.youtube.com/feeds/videos.xml?channel_id=UCliNmKIxM3T2c4pU8ffv1Vg,TRINITY goes gravelling // WORLD CHAMPIONSHIPS,https://www.youtube.com/watch?v=InpDV226oc8
FloBikes,https://www.youtube.com/feeds/videos.xml?channel_id=UCljVdpux_uz7NydDWYEeSIA,Replay: 2025 UCI Road World Championships - Men Elite Road Race,https://www.youtube.com/watch?v=LN6Pr1Cib-M
UCI,https://www.youtube.com/feeds/videos.xml?channel_id=UCloqTh1nPpW13LCntQglS-Q,LIVE - Round 1 | 2026 HERO UCI Cross-Country Marathon World Cup,https://www.youtube.com/watch?v=t7322Pw-xEI
FT SPORTS,https://www.youtube.com/feeds/videos.xml?channel_id=UCltzJogga-SMLbzpVI_527g,OFFENSE #10 : LA FRANCE EST UN PAYS DE SPORT ?,https://www.youtube.com/watch?v=K6nkdOD61rA
UCLA Athletics,https://www.youtube.com/feeds/videos.xml?channel_id=UCm3-NocWw8YDQ6lfOb78ehA,"UCLA Gymnastics Post-Meet - Coach McDonald (Feb. 27, 2026)",https://www.youtube.com/watch?v=RH3ltpCPfsY
Beau Miles,https://www.youtube.com/feeds/videos.xml?channel_id=UCm325cMiw9B15xl22_gr6Dw,"You Watched, So I Planted A Forest",https://www.youtube.com/watch?v=xMRZ4ofz9rE
Le Woop,https://www.youtube.com/feeds/videos.xml?channel_id=UCm3C3OSgcyzaTBXrNRupB3Q,NORMAL - EPISODE 20,https://www.youtube.com/watch?v=NQuCHuSgw18
Badminton Tokyo 2021,https://www.youtube.com/feeds/videos.xml?channel_id=UCm650P6D6FtjeDyyCfuxIUA,Apriyani RAHAYU/ Siti Fadia Silva RAMADHANTI vs CHEN Qing Chen/ JIA Yi Fan,https://www.youtube.com/watch?v=4im5u1okK_g
Kevin Mayer,https://www.youtube.com/feeds/videos.xml?channel_id=UCmO5fabx0WgGmiSi-g3l48A,"On lève le pied, mais on ne lâche rien 💪🏼",https://www.youtube.com/watch?v=qexg6W4g4Bw
Rémi GAILLARD,https://www.youtube.com/feeds/videos.xml?channel_id=UCmPSwsooZq8an7xOLQQhAdw,EPILOGUE (Rémi Gaillard) 💡,https://www.youtube.com/watch?v=nSQzn20RsII
Zoé Le Gavrian,https://www.youtube.com/feeds/videos.xml?channel_id=UCmag9siWs3W-JjzZVxWcyMw,CON FESSIONS - ÉPISODE 1 : L’oreille d’Impala,https://www.youtube.com/watch?v=kDwkliv2q1U
Hazal Nehir,https://www.youtube.com/feeds/videos.xml?channel_id=UCmevoNHSeqmPYeaJJ9DPv7Q,Can I flip into this massive slide? ,https://www.youtube.com/watch?v=W991STv1zoM
バドミントン日本,https://www.youtube.com/feeds/videos.xml?channel_id=UCmmJ_anyqgiIsP0SRMLMiTQ,,
52 minutes RTS,https://www.youtube.com/feeds/videos.xml?channel_id=UCmzP_xaz-uyMMbac4DggR8A,Portrait de l'invité de ce soir : François-Henry Bennahmias,https://www.youtube.com/watch?v=NVTe_clvDhA
Kai Lenny,https://www.youtube.com/feeds/videos.xml?channel_id=UCmzxts0YGES5tN-oJ9abTQg,"ALBEE LAYER: Redefining Jaws, Injury, and the Future of Pro Surfing - LENNY BROS. EP. 42",https://www.youtube.com/watch?v=kRrNOyd5dqk
Brian Lagerstrom,https://www.youtube.com/feeds/videos.xml?channel_id=UCn5fhcGRrCvrmFibPbT6q1A,How to Make Real Chinese Takeout at Home,https://www.youtube.com/watch?v=niYUYxe_HGc
Tiz Cycling,https://www.youtube.com/feeds/videos.xml?channel_id=UCn7AaWSj0C5rKLh6zjPdf-w,GP Lucien Van Impe 2025 [FULL RACE] (ladies) (flemish),https://www.youtube.com/watch?v=HhQoe2L5lTo
Chris Horner,https://www.youtube.com/feeds/videos.xml?channel_id=UCn7YuJaZmdmx_ERZH9r6eTA,How to BEAT Mathieu van der Poel at the Season OPENER,https://www.youtube.com/watch?v=Tdq-Jqp1uv0
Shuttle Flash,https://www.youtube.com/feeds/videos.xml?channel_id=UCnGHt9C1lHpCcSxwl6GUF0Q,Trickshot Skills LEVEL UP ⬆️  2024,https://www.youtube.com/watch?v=g6YzNNpWvDE
DoodleChaos,https://www.youtube.com/feeds/videos.xml?channel_id=UCnVimh35ecf46P_Bt-2AArg,BeatCraft 8 - 360° VR Edition (I built a better POV replay mod),https://www.youtube.com/watch?v=xbf6-Kqzgow
Rébecca Balestra,https://www.youtube.com/feeds/videos.xml?channel_id=UCnXucs7j2stWQJEGo4W_cvg,Coach Balestra,https://www.youtube.com/watch?v=ArnOSaO3vBg
BostonSpeaks,https://www.youtube.com/feeds/videos.xml?channel_id=UCnYR0EhBjP8Rg5eyKENNowg,Give Me 6 Minutes and I’ll Change How You Tell Stories Forever,https://www.youtube.com/watch?v=uWm3nXRBQzU
The Operations Room,https://www.youtube.com/feeds/videos.xml?channel_id=UCnZJt7yQw5IztVwe-Dscd-Q,Special Forces Storm Hijacked Lufthansa Flight 181 - Animated,https://www.youtube.com/watch?v=tDsoFCqUdFY
Daniel Thrasher,https://www.youtube.com/feeds/videos.xml?channel_id=UCnZx--LpG2spgmlxOcC-DRA,Trying to do ANYTHING with ADHD,https://www.youtube.com/watch?v=aYKtTGS0yAo
JerRock - Cours de Musique,https://www.youtube.com/feeds/videos.xml?channel_id=UCnkYNGCCZMWYStwBwPjS-7g,Michael Romeo - Djinn - John Macaluso Masterclass - ETM Geneva 2018,https://www.youtube.com/watch?v=bP7b57h8Q-U
李子柒 Liziqi,https://www.youtube.com/feeds/videos.xml?channel_id=UCoC47do520os_4DBMEFGg4A,送给所有知道我名字的人！For Everyone Who Knows My Name.丨Liziqi Channel,https://www.youtube.com/watch?v=8Cg3p9K0il4
Kid Cudi,https://www.youtube.com/feeds/videos.xml?channel_id=UCoNPsL8j28yfKRu6e7YUhPA,Kid Cudi - Mr. Miracle (Official Short Film),https://www.youtube.com/watch?v=SD7r93EGnw8
LaCinetek,https://www.youtube.com/feeds/videos.xml?channel_id=UCoYmJNAaaZfz8EMLYfNxpaw,Nicolas Philibert a propos d'Hospital de Frederick Wiseman,https://www.youtube.com/watch?v=2G3TPnB9Qfw
Palmashow,https://www.youtube.com/feeds/videos.xml?channel_id=UCoZoRz4-y6r87ptDp4Jk74g,,
Make Sushi 1,https://www.youtube.com/feeds/videos.xml?channel_id=UCosny7dI3LVZE-GWR1RKxsg,Crunchy Exterior but Jammy Inside,https://www.youtube.com/watch?v=UhEtRA1B_c0
Numberphile,https://www.youtube.com/feeds/videos.xml?channel_id=UCoxcjq-8xIDTYp3uz647V5A,3867632931 × 10^10001 +1 - Numberphile,https://www.youtube.com/watch?v=6cw9QJw6J60
Classic Tetris Brawl,https://www.youtube.com/feeds/videos.xml?channel_id=UCp-R9XJvqw1ofgJHqHeRxOQ,Brawl Championship Sept 2020 FINALS - Jakegames2 vs MylesTheGreat - Classic Tetris Brawl,https://www.youtube.com/watch?v=fPFnNL79dV8
Darius Benson,https://www.youtube.com/feeds/videos.xml?channel_id=UCp207INWXuK1fmmnVdX0bfw,He tried to STEAL my phone! - Carnival Cruise 2026,https://www.youtube.com/watch?v=KQu4lrGFxzc
Blaise Bersinger,https://www.youtube.com/feeds/videos.xml?channel_id=UCpBE1Eug0527uvT35VtFTZA,"La Suisse à l’Euro 2024, c’était fou ! [Best-of Footaises]",https://www.youtube.com/watch?v=Jk-uGJZFUyc
Learn Beach Volleyball Fast,https://www.youtube.com/feeds/videos.xml?channel_id=UCpFtib3J_bDs8MFy6Y12OQg,Advanced Beach Volleyball Attack Training - Some Ways To Adapt To Nonperfect Sets,https://www.youtube.com/watch?v=PmIk2FrWheg
Vélodrome de Genève,https://www.youtube.com/feeds/videos.xml?channel_id=UCpG24GDOwCl3q2pA2bIz8fQ,Vélodrome de Genève - informations automne 2015,https://www.youtube.com/watch?v=s2ntCgt3TqU
Alex Thomson Racing,https://www.youtube.com/feeds/videos.xml?channel_id=UCpW6uQm2ZKs6PR4Yw4qHTTw,Route du Rhum 2018 Tracker and Finish...,https://www.youtube.com/watch?v=VMhTV54B4gk
teamsaxobank,https://www.youtube.com/feeds/videos.xml?channel_id=UCpcsh2gLQuFS1E4MoHg10NQ,"Не дадим ""хаосу"" Facebook влиять на IPO Twitter",https://www.youtube.com/watch?v=2jJy_fABayQ
VC Adventures,https://www.youtube.com/feeds/videos.xml?channel_id=UCpn6aFvwAI_hK9WuHcdvQGA,(LIVE STREAM) Festive 500 in a SINGLE RIDE!,https://www.youtube.com/watch?v=OhNVVHYQccA
Watts Occurring,https://www.youtube.com/feeds/videos.xml?channel_id=UCqEB90hH01Od_i9x8JNY9bg,Worst Injuries on the bike? | Watts Occurring,https://www.youtube.com/watch?v=ahacAQUu8h4
Phil Gaimon,https://www.youtube.com/feeds/videos.xml?channel_id=UCqI9HyfLvodz7bXFCI3PU2g,Big Bear (Literally!) – WORST RETIREMENT EVER and Cycling Guide,https://www.youtube.com/watch?v=ll-1SmUvm7U
GoPro,https://www.youtube.com/feeds/videos.xml?channel_id=UCqhnX4jA0A5paNd1v-zEysw,The Fastest Sport on Ice,https://www.youtube.com/watch?v=CJzWz7g52EM
Casually Explained,https://www.youtube.com/feeds/videos.xml?channel_id=UCr3cBLTYmIK9kY0F_OdFWFQ,Casually Explained: The Greatest Country on Earth,https://www.youtube.com/watch?v=ri2YukcvXFM
Alice Cappelle,https://www.youtube.com/feeds/videos.xml?channel_id=UCrCTC5_t-HaVJ025DbYITiw,The gender wars are out of control.,https://www.youtube.com/watch?v=Hy7lizsGUOA
Achref,https://www.youtube.com/feeds/videos.xml?channel_id=UCrLCJ4GSLcKofh2Dck6F_7Q,Rescued From the Bin! Budget Hybrid Bike Build Part.1,https://www.youtube.com/watch?v=HmGPyWQGA08
Leadout Esports,https://www.youtube.com/feeds/videos.xml?channel_id=UCrRMaPHjjqx4LyyQkIApnCg,2026 Canadian Esports Championships ||  Championnats Canadiens Esports 2026,https://www.youtube.com/watch?v=DEhSYL9Sp7Y
FinalDash,https://www.youtube.com/feeds/videos.xml?channel_id=UCref1ap765YAFIJ27lkvQSw,,
PBS Infinite Series,https://www.youtube.com/feeds/videos.xml?channel_id=UCs4aHmggTfFrpkPcWSaBN9g,The End of An Infinite Series,https://www.youtube.com/watch?v=UIwnCoqx91Q
CyclisteOrg,https://www.youtube.com/feeds/videos.xml?channel_id=UCs6DFtuQrH0Ipr3uzrSZE2Q,La Sécurité en Vélo : comment se faire voir?,https://www.youtube.com/watch?v=iPXI-gsK2LQ
Алексей Навальный,https://www.youtube.com/feeds/videos.xml?channel_id=UCsAw3WynQJMm7tMy093y37A,Вместе против партии Путина. Бросаем вызов «Единой России»,https://www.youtube.com/watch?v=xeg3ge8jSOc
NonTV Matches,https://www.youtube.com/feeds/videos.xml?channel_id=UCsErrglTyndWT7gju3zu-4Q,Spain Masters 2021 Badminton - Court 1 Live streaming,https://www.youtube.com/watch?v=xkanc6Yjk9I
Candide Thovex,https://www.youtube.com/feeds/videos.xml?channel_id=UCsFkInl7eWF0mkBbT2ATbNA,Only way down - Candide Thovex,https://www.youtube.com/watch?v=wnIgb9umFDo
permaculture agroécologie etc...,https://www.youtube.com/feeds/videos.xml?channel_id=UCsM4_jihNFYe4CtSkXvDR-Q,Le potager fin février !,https://www.youtube.com/watch?v=mImwe0sUUUE
Hannah Fry,https://www.youtube.com/feeds/videos.xml?channel_id=UCsX5upzW0Tk2riDY1WB887w,,
Kurzgesagt – In a Nutshell,https://www.youtube.com/feeds/videos.xml?channel_id=UCsXVk37bltHxD1rDPwtNM8Q,We Found a Loophole to Survive the End of the Universe,https://www.youtube.com/watch?v=VMm-U2pHrXE
odezenne,https://www.youtube.com/feeds/videos.xml?channel_id=UCstYELvMHHhLQfYHEZhYNng,Gaëlle Joly est l’heureuse Lauréate du Grand Prix 2k25 ! Bravo à toi 👸,https://www.youtube.com/watch?v=yd8DTcwEOao
ICC,https://www.youtube.com/feeds/videos.xml?channel_id=UCt2JXOLNxqry7B_4rRZME3Q,England v New Zealand | Match Highlights | Men's T20 World Cup 2026,https://www.youtube.com/watch?v=0nj-vbDrWBg
Sea Turtle Biologist,https://www.youtube.com/feeds/videos.xml?channel_id=UCt4yIZtfFMKoQAflz4gIA1Q,Commenting on my Viral Video of Removing a Plastic Straw from a Sea Turtle's Nose,https://www.youtube.com/watch?v=xXovKTTMH2E
Periodic Videos,https://www.youtube.com/feeds/videos.xml?channel_id=UCtESv1e7ntJaLJYKIO1FoYw,A Black Day for Science (fire at GSI) - Periodic Table of Videos,https://www.youtube.com/watch?v=OaoniOIdDz4
WEDŪ,https://www.youtube.com/feeds/videos.xml?channel_id=UCtsqiJ1WTJkoj4c_SZkyBMg,Is Tadej Pogačar Officially Unbeatable? | World Championship Breakdown | THEMOVE,https://www.youtube.com/watch?v=7Jkdp1zh5qk
Objectivity,https://www.youtube.com/feeds/videos.xml?channel_id=UCtwKon9qMt5YLVgQt1tvJKg,Unexpected Gift in a Cheerios Box - Objectivity Bonus Episode,https://www.youtube.com/watch?v=sEUAsVDDBBI
Carac Attack,https://www.youtube.com/feeds/videos.xml?channel_id=UCu51Q_B_iuqvXtxYDtcbY6g,Noël - Carac Attack,https://www.youtube.com/watch?v=BgD_jKogx9I
GCN Racing,https://www.youtube.com/feeds/videos.xml?channel_id=UCu7phdCr-raU7OaJfEpHZww,"Pogačar's Triumph, Evenepoel's Troubles. Could He Have Won? | GCN Racing Show",https://www.youtube.com/watch?v=rm3z3JYYDZs
Chronic.,https://www.youtube.com/feeds/videos.xml?channel_id=UCuIPXLYrZxrQzbTldLkqslA,Chronic. – Artisan coffee roasting in Switzerland,https://www.youtube.com/watch?v=8NtxMfWJvEI
AllEnglandBadminton,https://www.youtube.com/feeds/videos.xml?channel_id=UCuKw2eFsZKD9JAem2DVQ4AQ,Badminton England CEO Sue Storey and Sport Director George Wood on how special the All England is!,https://www.youtube.com/watch?v=01YCi2UWkF4
Global Cycling Network,https://www.youtube.com/feeds/videos.xml?channel_id=UCuTaETsuCOkJ0H_GAztWt0Q,Trying Clipless Pedals Wasn't What I Thought,https://www.youtube.com/watch?v=iJjBcv26HfM
TheSoundYouNeed,https://www.youtube.com/feeds/videos.xml?channel_id=UCudKvbd6gvbm5UCYRk5tZKA,LYNAR - All U Are (Music Video),https://www.youtube.com/watch?v=kl2kaAQnmmw
ZapSpi0nDOTcom,https://www.youtube.com/feeds/videos.xml?channel_id=UCugNBaT4BqYKikCo2efrn_Q,,
Le Suisse Droniste,https://www.youtube.com/feeds/videos.xml?channel_id=UCv4HK9hYjTVrgMFebnQ0ADg,Saas-Fee Schneeski!!!!,https://www.youtube.com/watch?v=qMPCg83AdrI
Sixty Symbols,https://www.youtube.com/feeds/videos.xml?channel_id=UCvBqzzvUBLCs8Y7Axb-jZew,A Bubble of Absolute Nothing - Sixty Symbols,https://www.youtube.com/watch?v=t8QonEChDGY
Paul Kalkbrenner,https://www.youtube.com/feeds/videos.xml?channel_id=UCvCfRGvwzOBO7hat21DGRPQ,Paul Kalkbrenner - THE ESSENCE Live In Amsterdam (Recap),https://www.youtube.com/watch?v=Svc7AEUIFoI
Christine and the Queens,https://www.youtube.com/feeds/videos.xml?channel_id=UCvDr_Xznwh4gXIy17vVci1w,Christine and the Queens & Thee Diane - Ah Ya (Official Video),https://www.youtube.com/watch?v=t5K95OZEeTE
The Detour Podcast,https://www.youtube.com/feeds/videos.xml?channel_id=UCvF6x2WGmjp-9fVgnjClzaw,Massive show as we wrap the Olympics and Tdf Femme,https://www.youtube.com/watch?v=4dpokIP29WU
JAIN,https://www.youtube.com/feeds/videos.xml?channel_id=UCvLB3nauNwvQVwhWGl28Uhg,"Jain, Solomun - Tout le monde est fou (Official Video)",https://www.youtube.com/watch?v=oKg125fcMH8
Sailing SV Delos,https://www.youtube.com/feeds/videos.xml?channel_id=UCvLc83k5o11EIF1lEo0VmuQ,The Beginning (Of The END….) Part 1 of 3 ⛵️ Sailing Vessel Delos Ep. 525,https://www.youtube.com/watch?v=qPBsBz2c6A8
AwesomeAlanna,https://www.youtube.com/feeds/videos.xml?channel_id=UCvPLXDJ3ru5ySOGHnXOBejA,What to do if a guy doesn’t pick you,https://www.youtube.com/watch?v=TiwFimN7fA8
Epic History,https://www.youtube.com/feeds/videos.xml?channel_id=UCvPXiKxH-eH9xq-80vpgmKQ,Rise of China - All Parts,https://www.youtube.com/watch?v=TysBhkK525c
Andri Ragettli,https://www.youtube.com/feeds/videos.xml?channel_id=UCvYOwzvHR_f3Sl4oKWkVy9w,You Vs. You - Andri Ragettli Motivation,https://www.youtube.com/watch?v=noOZH3hKjYk
easyvote,https://www.youtube.com/feeds/videos.xml?channel_id=UCvsG65a4iGTmSA9V4GDC8sA,Taglias immobigliaras,https://www.youtube.com/watch?v=tj5lbRAS_Iw
ARTE,https://www.youtube.com/feeds/videos.xml?channel_id=UCwI-JbGNsojunnHbFAc0M4Q,Les frontaliers chinois | Tracks East | ARTE,https://www.youtube.com/watch?v=iv4D2ktC5k4
Tony PowerPoint,https://www.youtube.com/feeds/videos.xml?channel_id=UCwJ90WYotYEfTuBy7PcREKw,What BCG’s Slides Get Wrong (and How to Fix Them in PowerPoint),https://www.youtube.com/watch?v=b_iXFY4aCqI
BEST OF CULTES,https://www.youtube.com/feeds/videos.xml?channel_id=UCwVTg-nH4d9R88Bhwpkldiw,Quand les skieurs s'embrouillent  (ça clash !),https://www.youtube.com/watch?v=xXAf34_wgFU
GMHikaru,https://www.youtube.com/feeds/videos.xml?channel_id=UCweCc7bSMX5J4jEH7HFImng,HIKARU AT 9 YEARS OLD SHARES A GAME!!!,https://www.youtube.com/watch?v=2MfEalqgxAI
Les reporters du dimanche - CANAL+,https://www.youtube.com/feeds/videos.xml?channel_id=UCwqE_FLCGZpLg7AeOdZpFwQ,La chanson des Reporters,https://www.youtube.com/watch?v=Qxl1ojwbhGg
Antoine vs Physique,https://www.youtube.com/feeds/videos.xml?channel_id=UCwteC8d1uTeKLJtySneTiPw,4 min 48 pour comprendre la relativité générale,https://www.youtube.com/watch?v=pFuhxnrML40
Erik Grankvist,https://www.youtube.com/feeds/videos.xml?channel_id=UCxByVUuLdxxiqQVmbOnDEzw,40 Days Building Japanese Joints and Hunting Deer,https://www.youtube.com/watch?v=3TiO-ir3ksA
X Games,https://www.youtube.com/feeds/videos.xml?channel_id=UCxFt75OIIvoN4AaL7lJxtTg,"Fear Factor Voltage Challenge w/ Hunter Hess, Birk Irving, Eli Bouchard, and Liam Brearley",https://www.youtube.com/watch?v=BT9BImA6t14
Hevesh5,https://www.youtube.com/feeds/videos.xml?channel_id=UCxJsQFhb8PFjtuN5gdOV6-w,INSANE Domino Toppling Compilation! | Best of Hevesh5 (16),https://www.youtube.com/watch?v=c4_6LpY_qv0
MADminton,https://www.youtube.com/feeds/videos.xml?channel_id=UCxQtOWSozHPvXP2scWeEZsA,,
Adam Bobrow,https://www.youtube.com/feeds/videos.xml?channel_id=UCxccMOwsnVQEqmOU94MZi7g,Adam vs. Anna Bright,https://www.youtube.com/watch?v=xrUUBSOHPlI
Cyclemoments,https://www.youtube.com/feeds/videos.xml?channel_id=UCyCz17_AtUq_N-dVm3cfOwQ,Renewi Tour 2025 - Stage 5 | Highlights | Arnaud De Lie takes stage win & GC,https://www.youtube.com/watch?v=4yf3gS-MMA0
Rob Scallon,https://www.youtube.com/feeds/videos.xml?channel_id=UCyDZai57BfE_N0SaBkKQyXg,Learning the Polka (w/ the pros),https://www.youtube.com/watch?v=o87KAV28N44
MAITHINK X,https://www.youtube.com/feeds/videos.xml?channel_id=UCyHDQ5C6z1NDmJ4g6SerW8g,Wir haben etwas übersehen.,https://www.youtube.com/watch?v=gMnI5k3m45g
Squat University,https://www.youtube.com/feeds/videos.xml?channel_id=UCyPYQTT20IgzVw92LDvtClw,Knee Pain? Here's What's Actually Wrong! (LIVE EVALUATION),https://www.youtube.com/watch?v=cKZsPm28dKg
Ozzy Man &amp; Mozza Catch Up,https://www.youtube.com/feeds/videos.xml?channel_id=UCyf62Cz46Jod7zY-l6h_OEQ,Is there anybody out there? Ozzy Man & Mozza Catch Up 2022,https://www.youtube.com/watch?v=Mn0JejNpYtw
Numberphile2,https://www.youtube.com/feeds/videos.xml?channel_id=UCyp1gCHZJU_fGWFf2rtMkCg,Addicted to Prime Numbers (full interview) - Numberphile,https://www.youtube.com/watch?v=Rd8moV7jVX0
BikeRadar,https://www.youtube.com/feeds/videos.xml?channel_id=UCyrQSvn6_25rINepVZ6H0qQ,Continental Says Big Gravel Tyres Are No Bueno! | BikeRadar News Podcast,https://www.youtube.com/watch?v=u60CmOVwt9Y
The Pro's Closet,https://www.youtube.com/feeds/videos.xml?channel_id=UCys9jDbX6b67XmmuZh2mAKg,One Year Anniversary - TPC 2.0 Factory Tour,https://www.youtube.com/watch?v=1qLw2NsFihM
Loic Suberville,https://www.youtube.com/feeds/videos.xml?channel_id=UCywGsTdh_qqZUYmA2Gro2CA,French Stereotypes According to French People,https://www.youtube.com/watch?v=5nzIW-lSZOc
WonderFools,https://www.youtube.com/feeds/videos.xml?channel_id=UCyxXWuClQZApCbKkTxMexTg,Face à ton ex : Le making of,https://www.youtube.com/watch?v=fM61v8xunRI
Julia Galef,https://www.youtube.com/feeds/videos.xml?channel_id=UCz-RZblnhjXK_krP1jDybeQ,Why you need scout mindset to change the world,https://www.youtube.com/watch?v=EzkWqpsPqho
Tim Minchin,https://www.youtube.com/feeds/videos.xml?channel_id=UCz5wnzqxdlrhdpaVoRwKe2A,"Tim Minchin’s Full Speech at The Art of Tax Reform Summit 2025 - NSW, Australia",https://www.youtube.com/watch?v=ODSKfN6pSMs
The Kloons,https://www.youtube.com/feeds/videos.xml?channel_id=UCzJ3Q292D9YTyByssGcWMIg,Pure Water or Pure Trash?,https://www.youtube.com/watch?v=2dD_d_GjQ1M
PBS Eons,https://www.youtube.com/feeds/videos.xml?channel_id=UCzR-rom72PHN9Zg7RML9EbA,"130 Million Years Ago, the World Caught Fire",https://www.youtube.com/watch?v=mtctulFL1wo
Justin The Kid,https://www.youtube.com/feeds/videos.xml?channel_id=UCzZOL1j2bK8YdDe1-K6aW1w,,
Foil Arms and Hog,https://www.youtube.com/feeds/videos.xml?channel_id=UCzb-6smlTg5UPirLdsdQ_cQ,How They Really Name Storms ,https://www.youtube.com/watch?v=KrVg1JW3mfE
LE GRAND JD,https://www.youtube.com/feeds/videos.xml?channel_id=UCzjd9v6DMprAAvOBB4sxBPA,SEUL DANS UN CHATEAU HANTÉ (j'ai eu des trucs),https://www.youtube.com/watch?v=M6tbXc5H4Xc
